-- MySQL dump 10.13  Distrib 5.7.24, for Linux (x86_64)
--
-- Host: localhost    Database: quiz
-- ------------------------------------------------------
-- Server version	5.7.24-0ubuntu0.16.04.1

/*!40101 SET @OLD_CHARACTER_SET_CLIENT=@@CHARACTER_SET_CLIENT */;
/*!40101 SET @OLD_CHARACTER_SET_RESULTS=@@CHARACTER_SET_RESULTS */;
/*!40101 SET @OLD_COLLATION_CONNECTION=@@COLLATION_CONNECTION */;
/*!40101 SET NAMES utf8 */;
/*!40103 SET @OLD_TIME_ZONE=@@TIME_ZONE */;
/*!40103 SET TIME_ZONE='+00:00' */;
/*!40014 SET @OLD_UNIQUE_CHECKS=@@UNIQUE_CHECKS, UNIQUE_CHECKS=0 */;
/*!40014 SET @OLD_FOREIGN_KEY_CHECKS=@@FOREIGN_KEY_CHECKS, FOREIGN_KEY_CHECKS=0 */;
/*!40101 SET @OLD_SQL_MODE=@@SQL_MODE, SQL_MODE='NO_AUTO_VALUE_ON_ZERO' */;
/*!40111 SET @OLD_SQL_NOTES=@@SQL_NOTES, SQL_NOTES=0 */;

--
-- Table structure for table `mark_experts`
--

DROP TABLE IF EXISTS `mark_experts`;
/*!40101 SET @saved_cs_client     = @@character_set_client */;
/*!40101 SET character_set_client = utf8 */;
CREATE TABLE `mark_experts` (
  `id` int(10) unsigned NOT NULL AUTO_INCREMENT,
  `user_id` int(10) unsigned NOT NULL,
  `report_id` int(10) unsigned NOT NULL,
  `novelty` tinyint(4) NOT NULL,
  `study` tinyint(4) NOT NULL,
  `worth` tinyint(4) NOT NULL,
  `representation` tinyint(4) NOT NULL,
  `efficiency` tinyint(4) NOT NULL,
  `created_at` timestamp NULL DEFAULT NULL,
  `updated_at` timestamp NULL DEFAULT NULL,
  `expert_type` tinyint(4) NOT NULL DEFAULT '0',
  PRIMARY KEY (`id`),
  KEY `mark_experts_user_id_index` (`user_id`),
  KEY `mark_experts_report_id_index` (`report_id`),
  CONSTRAINT `mark_experts_report_id_foreign` FOREIGN KEY (`report_id`) REFERENCES `reports` (`id`) ON DELETE CASCADE,
  CONSTRAINT `mark_experts_user_id_foreign` FOREIGN KEY (`user_id`) REFERENCES `users` (`id`) ON DELETE CASCADE
) ENGINE=InnoDB AUTO_INCREMENT=506 DEFAULT CHARSET=utf8mb4 COLLATE=utf8mb4_unicode_ci;
/*!40101 SET character_set_client = @saved_cs_client */;

--
-- Dumping data for table `mark_experts`
--

LOCK TABLES `mark_experts` WRITE;
/*!40000 ALTER TABLE `mark_experts` DISABLE KEYS */;
INSERT INTO `mark_experts` VALUES (37,19,15,4,5,5,5,5,'2018-12-06 10:05:06','2018-12-06 10:05:06',0),(38,35,15,5,2,3,3,1,'2018-12-06 10:05:17','2018-12-06 10:05:17',1),(39,13,15,5,4,4,3,5,'2018-12-06 10:07:00','2018-12-06 10:07:00',0),(40,27,15,5,4,4,5,4,'2018-12-06 10:07:05','2018-12-06 10:07:05',0),(41,18,15,5,5,5,5,5,'2018-12-06 10:07:23','2018-12-06 10:07:23',0),(42,38,15,3,3,3,4,3,'2018-12-06 10:07:33','2018-12-06 10:07:33',1),(43,26,15,4,3,4,4,3,'2018-12-06 10:07:41','2018-12-06 10:07:41',0),(44,14,15,3,4,4,3,3,'2018-12-06 10:07:57','2018-12-06 10:07:57',0),(45,16,15,4,4,3,4,3,'2018-12-06 10:08:17','2018-12-06 10:08:17',0),(46,17,15,3,3,4,2,3,'2018-12-06 10:08:22','2018-12-06 10:08:22',0),(47,32,15,5,4,3,4,3,'2018-12-06 10:08:47','2018-12-06 10:08:47',1),(48,36,15,2,3,3,4,3,'2018-12-06 10:09:27','2018-12-06 10:09:27',1),(49,34,15,2,3,3,3,2,'2018-12-06 10:09:53','2018-12-06 10:09:53',1),(50,29,15,3,2,2,3,3,'2018-12-06 10:10:49','2018-12-06 10:10:49',1),(51,37,15,4,4,5,4,4,'2018-12-06 10:10:57','2018-12-06 10:10:57',1),(52,24,15,5,5,5,4,5,'2018-12-06 10:11:01','2018-12-06 10:11:01',0),(53,11,15,2,3,4,4,3,'2018-12-06 10:11:25','2018-12-06 10:11:25',0),(54,12,15,2,2,3,3,2,'2018-12-06 10:11:30','2018-12-06 10:11:30',0),(55,28,15,4,5,4,5,3,'2018-12-06 10:11:40','2018-12-06 10:11:40',0),(56,22,15,4,5,3,4,3,'2018-12-06 10:11:56','2018-12-06 10:11:56',0),(57,25,15,3,3,4,4,4,'2018-12-06 10:11:59','2018-12-06 10:11:59',0),(58,23,15,5,5,4,5,4,'2018-12-06 10:11:59','2018-12-06 10:11:59',0),(59,26,16,2,3,3,3,3,'2018-12-06 10:24:05','2018-12-06 10:24:05',0),(60,14,16,3,3,3,4,4,'2018-12-06 10:25:12','2018-12-06 10:25:12',0),(61,37,16,3,4,3,3,4,'2018-12-06 10:25:45','2018-12-06 10:25:45',1),(62,32,16,4,4,4,5,4,'2018-12-06 10:25:46','2018-12-06 10:25:46',1),(63,38,16,3,3,4,3,4,'2018-12-06 10:26:32','2018-12-06 10:26:32',1),(64,18,16,3,3,4,4,4,'2018-12-06 10:26:46','2018-12-06 10:26:46',0),(65,13,16,2,4,4,3,4,'2018-12-06 10:27:08','2018-12-06 10:27:08',0),(66,16,16,4,3,3,4,3,'2018-12-06 10:27:28','2018-12-06 10:27:28',0),(67,36,16,2,2,3,4,2,'2018-12-06 10:27:56','2018-12-06 10:27:56',1),(68,17,16,4,3,4,3,3,'2018-12-06 10:28:02','2018-12-06 10:28:02',0),(69,34,16,3,3,4,3,3,'2018-12-06 10:28:32','2018-12-06 10:28:32',1),(70,22,16,4,4,4,4,4,'2018-12-06 10:30:15','2018-12-06 10:30:15',0),(71,24,16,4,5,4,4,3,'2018-12-06 10:30:19','2018-12-06 10:30:19',0),(72,23,16,4,5,5,4,3,'2018-12-06 10:30:19','2018-12-06 10:30:19',0),(73,19,16,4,3,4,4,3,'2018-12-06 10:30:22','2018-12-06 10:30:22',0),(74,27,16,4,4,4,4,3,'2018-12-06 10:30:28','2018-12-06 10:30:28',0),(75,35,16,3,3,3,4,3,'2018-12-06 10:30:35','2018-12-06 10:30:35',1),(76,33,16,4,5,4,4,4,'2018-12-06 10:30:35','2018-12-06 10:30:35',1),(77,11,16,4,4,5,3,3,'2018-12-06 10:30:42','2018-12-06 10:30:42',0),(78,12,16,3,4,5,4,4,'2018-12-06 10:30:44','2018-12-06 10:30:44',0),(79,29,16,4,4,4,4,3,'2018-12-06 10:30:54','2018-12-06 10:30:54',1),(80,25,16,4,4,5,4,4,'2018-12-06 10:30:57','2018-12-06 10:30:57',0),(81,28,16,4,4,5,5,5,'2018-12-06 10:31:00','2018-12-06 10:31:00',0),(82,26,17,4,4,5,4,5,'2018-12-06 10:41:53','2018-12-06 10:41:53',0),(83,32,17,2,1,2,3,1,'2018-12-06 10:44:09','2018-12-06 10:44:09',1),(84,33,17,3,2,3,4,2,'2018-12-06 10:44:16','2018-12-06 10:44:16',1),(85,17,17,2,2,2,2,4,'2018-12-06 10:44:19','2018-12-06 10:44:19',0),(86,38,17,3,2,3,3,2,'2018-12-06 10:44:32','2018-12-06 10:44:32',1),(87,34,17,2,1,1,2,2,'2018-12-06 10:45:39','2018-12-06 10:45:39',1),(88,36,17,1,1,2,3,1,'2018-12-06 10:45:58','2018-12-06 10:45:58',1),(89,13,17,3,3,3,4,3,'2018-12-06 10:46:03','2018-12-06 10:46:03',0),(90,16,17,3,2,4,3,3,'2018-12-06 10:46:22','2018-12-06 10:46:22',0),(91,14,17,3,2,4,2,2,'2018-12-06 10:46:28','2018-12-06 10:46:28',0),(92,18,17,4,3,4,4,3,'2018-12-06 10:49:55','2018-12-06 10:49:55',0),(93,27,17,4,4,5,4,5,'2018-12-06 10:50:01','2018-12-06 10:50:01',0),(94,22,17,3,4,3,4,2,'2018-12-06 10:50:51','2018-12-06 10:50:51',0),(95,35,17,3,3,3,3,3,'2018-12-06 10:50:54','2018-12-06 10:50:54',1),(96,37,17,4,3,3,3,3,'2018-12-06 10:50:55','2018-12-06 10:50:55',1),(97,23,17,4,4,3,3,3,'2018-12-06 10:50:55','2018-12-06 10:50:55',0),(98,19,17,3,3,4,4,3,'2018-12-06 10:51:09','2018-12-06 10:51:09',0),(99,24,17,3,3,4,4,3,'2018-12-06 10:51:14','2018-12-06 10:51:14',0),(100,12,17,1,2,3,2,2,'2018-12-06 10:51:15','2018-12-06 10:51:15',0),(101,11,17,3,2,4,2,2,'2018-12-06 10:51:20','2018-12-06 10:51:20',0),(102,25,17,3,3,3,3,3,'2018-12-06 10:51:22','2018-12-06 10:51:22',0),(103,28,17,2,3,3,3,3,'2018-12-06 10:51:33','2018-12-06 10:51:33',0),(104,26,34,4,2,3,2,3,'2018-12-06 10:57:58','2018-12-06 10:57:58',0),(105,38,34,4,4,4,4,4,'2018-12-06 11:02:47','2018-12-06 11:02:47',1),(106,33,34,4,3,4,3,0,'2018-12-06 11:03:01','2018-12-06 11:03:01',1),(107,18,34,3,4,4,4,3,'2018-12-06 11:04:14','2018-12-06 11:04:14',0),(108,37,34,3,2,3,3,3,'2018-12-06 11:05:24','2018-12-06 11:05:24',1),(109,27,34,2,3,4,4,3,'2018-12-06 11:05:27','2018-12-06 11:05:27',0),(110,14,34,2,2,1,3,2,'2018-12-06 11:06:19','2018-12-06 11:06:19',0),(111,16,34,2,2,2,1,2,'2018-12-06 11:06:36','2018-12-06 11:06:36',0),(112,32,34,3,2,2,3,3,'2018-12-06 11:06:45','2018-12-06 11:06:45',1),(113,34,34,2,2,3,3,3,'2018-12-06 11:07:16','2018-12-06 11:07:16',1),(114,24,34,3,4,4,3,3,'2018-12-06 11:07:20','2018-12-06 11:07:20',0),(115,29,34,2,1,3,2,2,'2018-12-06 11:07:26','2018-12-06 11:07:26',1),(116,22,34,3,2,3,3,3,'2018-12-06 11:07:29','2018-12-06 11:07:29',0),(117,13,34,3,4,3,4,3,'2018-12-06 11:07:30','2018-12-06 11:07:30',0),(118,17,34,3,2,3,3,3,'2018-12-06 11:07:35','2018-12-06 11:07:35',0),(119,23,34,4,4,4,3,4,'2018-12-06 11:07:35','2018-12-06 11:07:35',0),(120,19,34,3,3,4,3,3,'2018-12-06 11:07:37','2018-12-06 11:07:37',0),(121,28,34,5,3,3,4,3,'2018-12-06 11:07:39','2018-12-06 11:07:39',0),(122,35,34,4,3,3,3,4,'2018-12-06 11:07:44','2018-12-06 11:07:44',1),(123,12,34,2,3,4,3,2,'2018-12-06 11:07:57','2018-12-06 11:07:57',0),(124,25,34,3,3,4,3,2,'2018-12-06 11:08:06','2018-12-06 11:08:06',0),(125,36,34,2,3,3,2,2,'2018-12-06 11:08:18','2018-12-06 11:08:18',1),(126,11,34,3,3,3,3,2,'2018-12-06 11:08:37','2018-12-06 11:08:37',0),(127,17,18,3,3,3,3,3,'2018-12-06 11:14:35','2018-12-06 11:14:35',0),(128,26,18,3,3,5,5,4,'2018-12-06 11:14:39','2018-12-06 11:14:39',0),(129,13,18,2,4,3,3,2,'2018-12-06 11:14:52','2018-12-06 11:14:52',0),(130,38,18,2,5,4,4,3,'2018-12-06 11:15:23','2018-12-06 11:15:23',1),(131,32,18,4,3,4,4,3,'2018-12-06 11:15:50','2018-12-06 11:15:50',1),(132,27,18,3,3,3,3,2,'2018-12-06 11:15:55','2018-12-06 11:15:55',0),(133,14,18,3,4,3,4,2,'2018-12-06 11:16:10','2018-12-06 11:16:10',0),(134,24,18,3,4,4,4,3,'2018-12-06 11:16:16','2018-12-06 11:16:16',0),(135,34,18,2,4,3,4,3,'2018-12-06 11:16:16','2018-12-06 11:16:16',1),(136,33,18,3,4,3,3,1,'2018-12-06 11:16:17','2018-12-06 11:16:17',1),(137,29,18,1,2,4,3,4,'2018-12-06 11:16:20','2018-12-06 11:16:20',1),(138,16,18,3,4,3,4,3,'2018-12-06 11:16:21','2018-12-06 11:16:21',0),(139,37,18,3,3,3,4,3,'2018-12-06 11:16:25','2018-12-06 11:16:25',1),(140,19,18,3,5,3,5,3,'2018-12-06 11:16:29','2018-12-06 11:16:29',0),(141,36,18,1,3,4,4,3,'2018-12-06 11:16:32','2018-12-06 11:16:32',1),(142,35,18,3,3,3,4,4,'2018-12-06 11:16:35','2018-12-06 11:16:35',1),(143,23,18,3,4,4,4,3,'2018-12-06 11:16:37','2018-12-06 11:16:37',0),(144,18,18,3,4,4,4,3,'2018-12-06 11:16:38','2018-12-06 11:16:38',0),(145,28,18,4,5,4,5,5,'2018-12-06 11:16:41','2018-12-06 11:16:41',0),(146,22,18,2,2,4,4,2,'2018-12-06 11:16:43','2018-12-06 11:16:43',0),(147,11,18,3,3,3,3,2,'2018-12-06 11:16:43','2018-12-06 11:16:43',0),(148,12,18,1,3,4,4,1,'2018-12-06 11:16:43','2018-12-06 11:16:43',0),(149,25,18,3,3,4,4,2,'2018-12-06 11:16:51','2018-12-06 11:16:51',0),(150,26,19,4,4,3,5,4,'2018-12-06 11:26:38','2018-12-06 11:26:38',0),(151,17,19,3,4,4,4,3,'2018-12-06 11:28:35','2018-12-06 11:28:35',0),(152,38,19,3,4,3,5,4,'2018-12-06 11:28:44','2018-12-06 11:28:44',1),(153,33,19,4,4,4,5,3,'2018-12-06 11:28:54','2018-12-06 11:28:54',1),(154,14,19,4,4,3,4,3,'2018-12-06 11:29:43','2018-12-06 11:29:43',0),(155,16,19,4,4,4,4,3,'2018-12-06 11:29:45','2018-12-06 11:29:45',0),(156,32,19,5,4,4,5,4,'2018-12-06 11:30:10','2018-12-06 11:30:10',1),(157,19,19,5,5,5,5,5,'2018-12-06 11:30:40','2018-12-06 11:30:40',0),(158,18,19,5,4,5,5,4,'2018-12-06 11:30:56','2018-12-06 11:30:56',0),(159,30,19,5,4,4,4,3,'2018-12-06 11:31:21','2018-12-06 11:31:21',1),(160,13,19,5,4,4,5,4,'2018-12-06 11:31:33','2018-12-06 11:31:33',0),(161,34,19,3,4,1,5,4,'2018-12-06 11:31:41','2018-12-06 11:31:41',1),(162,24,19,4,5,4,5,4,'2018-12-06 11:31:50','2018-12-06 11:31:50',0),(163,29,19,5,4,4,4,4,'2018-12-06 11:31:51','2018-12-06 11:31:51',1),(164,37,19,4,4,4,5,5,'2018-12-06 11:31:52','2018-12-06 11:31:52',1),(165,23,19,5,5,4,5,4,'2018-12-06 11:31:54','2018-12-06 11:31:54',0),(166,36,19,2,3,3,4,4,'2018-12-06 11:32:00','2018-12-06 11:32:00',1),(167,27,19,5,4,5,5,4,'2018-12-06 11:32:02','2018-12-06 11:32:02',0),(168,35,19,4,3,4,4,3,'2018-12-06 11:32:03','2018-12-06 11:32:03',1),(169,28,19,5,4,4,5,5,'2018-12-06 11:32:05','2018-12-06 11:32:05',0),(170,11,19,4,4,4,3,2,'2018-12-06 11:32:14','2018-12-06 11:32:14',0),(171,22,19,5,5,4,5,4,'2018-12-06 11:32:20','2018-12-06 11:32:20',0),(172,12,19,4,4,5,5,3,'2018-12-06 11:32:26','2018-12-06 11:32:26',0),(173,25,19,4,5,4,5,3,'2018-12-06 11:32:37','2018-12-06 11:32:37',0),(174,38,20,4,5,5,4,5,'2018-12-06 11:54:09','2018-12-06 11:54:09',1),(175,32,20,2,1,2,3,3,'2018-12-06 11:56:18','2018-12-06 11:56:18',1),(176,17,20,3,3,3,2,4,'2018-12-06 11:57:13','2018-12-06 11:57:13',0),(177,18,20,4,4,4,4,4,'2018-12-06 11:58:09','2018-12-06 11:58:09',0),(178,35,20,5,3,4,4,4,'2018-12-06 11:58:11','2018-12-06 11:58:11',1),(179,27,20,4,4,5,5,4,'2018-12-06 11:58:37','2018-12-06 11:58:37',0),(180,19,20,4,4,5,5,4,'2018-12-06 11:58:39','2018-12-06 11:58:39',0),(181,26,20,4,4,5,5,4,'2018-12-06 11:59:11','2018-12-06 11:59:11',0),(182,13,20,4,4,4,4,2,'2018-12-06 11:59:31','2018-12-06 11:59:31',0),(183,24,20,4,5,5,4,4,'2018-12-06 12:00:19','2018-12-06 12:00:19',0),(184,37,20,3,4,3,3,4,'2018-12-06 12:01:16','2018-12-06 12:01:16',1),(185,36,20,0,4,4,3,3,'2018-12-06 12:01:18','2018-12-06 12:01:18',1),(186,34,20,2,4,5,3,4,'2018-12-06 12:01:51','2018-12-06 12:01:51',1),(187,33,20,1,3,4,4,3,'2018-12-06 12:01:53','2018-12-06 12:01:53',1),(188,23,20,5,4,5,4,5,'2018-12-06 12:01:56','2018-12-06 12:01:56',0),(189,16,20,3,3,2,2,1,'2018-12-06 12:02:13','2018-12-06 12:02:13',0),(190,12,20,2,4,5,4,1,'2018-12-06 12:02:15','2018-12-06 12:02:15',0),(191,30,20,3,4,4,3,3,'2018-12-06 12:02:15','2018-12-06 12:02:15',1),(192,28,20,4,4,5,4,5,'2018-12-06 12:02:16','2018-12-06 12:02:16',0),(193,29,20,2,3,4,3,1,'2018-12-06 12:02:17','2018-12-06 12:02:17',1),(194,22,20,3,3,4,3,4,'2018-12-06 12:02:25','2018-12-06 12:02:25',0),(195,25,20,4,4,5,4,3,'2018-12-06 12:02:25','2018-12-06 12:02:25',0),(196,14,20,3,3,4,2,2,'2018-12-06 12:02:25','2018-12-06 12:02:25',0),(197,11,20,3,3,5,3,3,'2018-12-06 12:02:27','2018-12-06 12:02:27',0),(198,14,21,2,3,3,3,3,'2018-12-06 12:09:09','2018-12-06 12:09:09',0),(199,35,21,5,3,3,4,4,'2018-12-06 12:10:21','2018-12-06 12:10:21',1),(200,24,21,4,3,3,3,3,'2018-12-06 12:10:47','2018-12-06 12:10:47',0),(201,38,21,3,2,3,3,2,'2018-12-06 12:11:03','2018-12-06 12:11:03',1),(202,32,21,3,3,3,3,4,'2018-12-06 12:11:18','2018-12-06 12:11:18',1),(203,34,21,2,3,2,3,3,'2018-12-06 12:12:41','2018-12-06 12:12:41',1),(204,37,21,4,4,4,4,4,'2018-12-06 12:12:43','2018-12-06 12:12:43',1),(205,16,21,3,2,3,3,3,'2018-12-06 12:12:58','2018-12-06 12:12:58',0),(206,19,21,4,4,4,4,3,'2018-12-06 12:12:58','2018-12-06 12:12:58',0),(207,18,21,4,3,3,3,4,'2018-12-06 12:12:58','2018-12-06 12:12:58',0),(208,23,21,4,3,3,3,4,'2018-12-06 12:12:58','2018-12-06 12:12:58',0),(209,12,21,4,3,4,4,2,'2018-12-06 12:13:09','2018-12-06 12:13:09',0),(210,22,21,2,2,2,3,2,'2018-12-06 12:13:09','2018-12-06 12:13:09',0),(211,13,21,4,3,2,3,3,'2018-12-06 12:13:09','2018-12-06 12:13:09',0),(212,29,21,3,3,2,3,3,'2018-12-06 12:13:12','2018-12-06 12:13:12',1),(213,11,21,3,3,4,3,3,'2018-12-06 12:13:15','2018-12-06 12:13:15',0),(214,30,21,3,2,2,3,1,'2018-12-06 12:13:15','2018-12-06 12:13:15',1),(215,27,21,4,4,5,5,5,'2018-12-06 12:13:17','2018-12-06 12:13:17',0),(216,28,21,3,3,3,5,3,'2018-12-06 12:13:19','2018-12-06 12:13:19',0),(217,17,21,4,3,5,4,3,'2018-12-06 12:13:21','2018-12-06 12:13:21',0),(218,25,21,3,4,3,3,3,'2018-12-06 12:13:25','2018-12-06 12:13:25',0),(219,26,21,4,4,3,3,4,'2018-12-06 12:13:29','2018-12-06 12:13:29',0),(220,33,21,3,4,3,4,3,'2018-12-06 12:13:35','2018-12-06 12:13:35',1),(221,36,21,2,2,3,3,3,'2018-12-06 12:13:45','2018-12-06 12:13:45',1),(222,33,22,4,5,5,5,4,'2018-12-06 12:20:53','2018-12-06 12:20:53',1),(223,35,22,5,5,5,5,5,'2018-12-06 12:21:31','2018-12-06 12:21:31',1),(224,19,22,4,5,5,4,3,'2018-12-06 12:21:38','2018-12-06 12:21:38',0),(225,32,22,3,3,4,3,3,'2018-12-06 12:21:52','2018-12-06 12:21:52',1),(226,14,22,4,4,3,3,3,'2018-12-06 12:21:53','2018-12-06 12:21:53',0),(227,26,22,4,5,5,4,4,'2018-12-06 12:22:00','2018-12-06 12:22:00',0),(228,27,22,4,5,5,5,5,'2018-12-06 12:22:08','2018-12-06 12:22:08',0),(229,37,22,3,4,4,4,4,'2018-12-06 12:22:24','2018-12-06 12:22:24',1),(230,22,22,3,3,3,4,3,'2018-12-06 12:22:36','2018-12-06 12:22:36',0),(231,34,22,4,3,4,2,3,'2018-12-06 12:22:45','2018-12-06 12:22:45',1),(232,23,22,4,4,4,3,4,'2018-12-06 12:22:49','2018-12-06 12:22:49',0),(233,18,22,3,4,4,4,3,'2018-12-06 12:22:49','2018-12-06 12:22:49',0),(234,17,22,3,3,5,4,4,'2018-12-06 12:22:51','2018-12-06 12:22:51',0),(235,16,22,3,4,4,4,4,'2018-12-06 12:22:54','2018-12-06 12:22:54',0),(236,28,22,3,5,5,4,5,'2018-12-06 12:22:58','2018-12-06 12:22:58',0),(237,36,22,2,3,4,3,3,'2018-12-06 12:22:59','2018-12-06 12:22:59',1),(238,13,22,3,4,5,3,4,'2018-12-06 12:23:00','2018-12-06 12:23:00',0),(239,12,22,3,4,4,4,3,'2018-12-06 12:23:02','2018-12-06 12:23:02',0),(240,25,22,4,4,4,4,4,'2018-12-06 12:23:06','2018-12-06 12:23:06',0),(241,11,22,4,3,4,3,3,'2018-12-06 12:23:06','2018-12-06 12:23:06',0),(242,29,22,2,4,5,3,4,'2018-12-06 12:23:15','2018-12-06 12:23:15',1),(243,30,22,3,3,2,4,2,'2018-12-06 12:23:15','2018-12-06 12:23:15',1),(244,38,22,3,2,4,3,3,'2018-12-06 12:23:22','2018-12-06 12:23:22',1),(245,24,22,3,4,3,3,2,'2018-12-06 12:23:24','2018-12-06 12:23:24',0),(246,38,23,3,3,3,2,2,'2018-12-06 12:32:56','2018-12-06 12:32:56',1),(247,23,23,3,3,3,2,3,'2018-12-06 12:35:00','2018-12-06 12:35:00',0),(248,37,23,2,2,2,3,3,'2018-12-06 12:35:20','2018-12-06 12:35:20',1),(249,34,23,2,1,2,2,2,'2018-12-06 12:35:22','2018-12-06 12:35:22',1),(250,29,23,2,1,3,3,2,'2018-12-06 12:35:23','2018-12-06 12:35:23',1),(251,35,23,2,2,2,3,2,'2018-12-06 12:35:24','2018-12-06 12:35:24',1),(252,32,23,1,2,1,3,1,'2018-12-06 12:35:25','2018-12-06 12:35:25',1),(253,17,23,3,2,3,3,2,'2018-12-06 12:35:27','2018-12-06 12:35:27',0),(254,19,23,3,2,4,3,3,'2018-12-06 12:35:28','2018-12-06 12:35:28',0),(255,16,23,3,4,3,3,3,'2018-12-06 12:35:29','2018-12-06 12:35:29',0),(256,13,23,3,3,2,3,2,'2018-12-06 12:35:31','2018-12-06 12:35:31',0),(257,18,23,3,3,2,3,2,'2018-12-06 12:35:34','2018-12-06 12:35:34',0),(258,11,23,3,3,3,3,2,'2018-12-06 12:35:37','2018-12-06 12:35:37',0),(259,22,23,2,2,2,3,2,'2018-12-06 12:35:43','2018-12-06 12:35:43',0),(260,24,23,3,2,3,3,3,'2018-12-06 12:35:45','2018-12-06 12:35:45',0),(261,26,23,3,3,3,4,4,'2018-12-06 12:35:47','2018-12-06 12:35:47',0),(262,27,23,4,2,3,4,5,'2018-12-06 12:35:48','2018-12-06 12:35:48',0),(263,28,23,3,3,3,5,3,'2018-12-06 12:35:50','2018-12-06 12:35:50',0),(264,33,23,3,3,3,4,3,'2018-12-06 12:35:51','2018-12-06 12:35:51',1),(265,14,23,3,2,3,2,2,'2018-12-06 12:35:53','2018-12-06 12:35:53',0),(266,30,23,2,2,2,3,3,'2018-12-06 12:35:55','2018-12-06 12:35:55',1),(267,12,23,3,1,4,2,4,'2018-12-06 12:35:57','2018-12-06 12:35:57',0),(268,25,23,3,3,2,3,3,'2018-12-06 12:36:23','2018-12-06 12:36:23',0),(269,33,24,3,5,5,5,4,'2018-12-06 12:45:11','2018-12-06 12:45:11',1),(270,35,24,4,5,5,4,4,'2018-12-06 12:45:23','2018-12-06 12:45:23',1),(271,37,24,4,5,5,5,4,'2018-12-06 12:45:30','2018-12-06 12:45:30',1),(272,17,24,5,4,4,4,3,'2018-12-06 12:45:37','2018-12-06 12:45:37',0),(273,27,24,5,5,5,5,5,'2018-12-06 12:45:47','2018-12-06 12:45:47',0),(274,14,24,3,5,4,4,3,'2018-12-06 12:45:52','2018-12-06 12:45:52',0),(275,19,24,4,5,5,5,4,'2018-12-06 12:45:57','2018-12-06 12:45:57',0),(276,38,24,2,4,4,3,3,'2018-12-06 12:45:59','2018-12-06 12:45:59',1),(277,32,24,4,5,5,4,4,'2018-12-06 12:46:03','2018-12-06 12:46:03',1),(278,36,24,1,2,4,3,4,'2018-12-06 12:46:11','2018-12-06 12:46:11',1),(279,16,24,3,5,4,4,4,'2018-12-06 12:46:13','2018-12-06 12:46:13',0),(280,18,24,4,5,5,5,4,'2018-12-06 12:46:16','2018-12-06 12:46:16',0),(281,34,24,2,4,4,3,4,'2018-12-06 12:46:19','2018-12-06 12:46:19',1),(282,13,24,4,5,4,5,3,'2018-12-06 12:46:58','2018-12-06 12:46:58',0),(283,30,24,5,5,4,4,3,'2018-12-06 12:47:43','2018-12-06 12:47:43',1),(284,22,24,5,5,4,4,4,'2018-12-06 12:49:39','2018-12-06 12:49:39',0),(285,23,24,5,5,5,5,4,'2018-12-06 12:49:41','2018-12-06 12:49:41',0),(286,28,24,3,4,4,4,3,'2018-12-06 12:49:48','2018-12-06 12:49:48',0),(287,29,24,3,4,4,3,4,'2018-12-06 12:49:49','2018-12-06 12:49:49',1),(288,11,24,4,4,5,4,3,'2018-12-06 12:50:03','2018-12-06 12:50:03',0),(289,24,24,4,5,5,4,4,'2018-12-06 12:50:05','2018-12-06 12:50:05',0),(290,12,24,3,4,5,4,2,'2018-12-06 12:50:07','2018-12-06 12:50:07',0),(291,26,24,5,4,5,4,4,'2018-12-06 12:50:14','2018-12-06 12:50:14',0),(292,25,24,3,4,4,4,3,'2018-12-06 12:50:16','2018-12-06 12:50:16',0),(293,38,25,2,4,3,3,2,'2018-12-06 12:57:02','2018-12-06 12:57:02',1),(294,33,25,4,5,5,4,3,'2018-12-06 12:57:40','2018-12-06 12:57:40',1),(295,13,25,2,4,3,3,0,'2018-12-06 12:58:30','2018-12-06 12:58:30',0),(296,18,25,3,4,3,4,4,'2018-12-06 12:59:15','2018-12-06 12:59:15',0),(297,32,25,4,5,5,4,5,'2018-12-06 13:00:01','2018-12-06 13:00:01',1),(298,36,25,0,4,3,4,3,'2018-12-06 13:00:38','2018-12-06 13:00:38',1),(299,27,25,5,4,5,4,3,'2018-12-06 13:01:19','2018-12-06 13:01:19',0),(300,34,25,2,3,4,3,3,'2018-12-06 13:01:48','2018-12-06 13:01:48',1),(301,14,25,4,3,3,4,2,'2018-12-06 13:01:52','2018-12-06 13:01:52',0),(302,16,25,4,5,5,5,4,'2018-12-06 13:01:56','2018-12-06 13:01:56',0),(303,35,25,3,3,3,4,3,'2018-12-06 13:02:14','2018-12-06 13:02:14',1),(304,30,25,4,4,4,4,3,'2018-12-06 13:03:21','2018-12-06 13:03:21',1),(305,22,25,4,4,4,4,4,'2018-12-06 13:03:50','2018-12-06 13:03:50',0),(306,23,25,4,4,5,4,4,'2018-12-06 13:03:55','2018-12-06 13:03:55',0),(307,29,25,5,4,5,4,4,'2018-12-06 13:03:58','2018-12-06 13:03:58',1),(308,24,25,3,5,5,4,4,'2018-12-06 13:04:02','2018-12-06 13:04:02',0),(309,37,25,3,4,3,4,4,'2018-12-06 13:04:05','2018-12-06 13:04:05',1),(310,28,25,3,4,5,4,5,'2018-12-06 13:04:07','2018-12-06 13:04:07',0),(311,19,25,3,4,4,5,3,'2018-12-06 13:04:09','2018-12-06 13:04:09',0),(312,11,25,4,3,3,3,2,'2018-12-06 13:04:15','2018-12-06 13:04:15',0),(313,12,25,2,4,5,4,2,'2018-12-06 13:04:17','2018-12-06 13:04:17',0),(314,25,25,4,4,3,4,3,'2018-12-06 13:04:18','2018-12-06 13:04:18',0),(315,26,25,4,4,5,4,3,'2018-12-06 13:04:18','2018-12-06 13:04:18',0),(316,17,25,3,3,4,4,4,'2018-12-06 13:04:41','2018-12-06 13:04:41',0),(317,17,26,3,4,3,3,3,'2018-12-06 13:11:26','2018-12-06 13:11:26',0),(318,37,26,3,4,4,3,4,'2018-12-06 13:12:38','2018-12-06 13:12:38',1),(319,33,26,3,4,3,4,3,'2018-12-06 13:13:28','2018-12-06 13:13:28',1),(320,18,26,3,3,4,4,3,'2018-12-06 13:14:01','2018-12-06 13:14:01',0),(321,19,26,4,4,5,5,4,'2018-12-06 13:14:07','2018-12-06 13:14:07',0),(322,38,26,3,4,1,3,3,'2018-12-06 13:14:52','2018-12-06 13:14:52',1),(323,22,26,3,2,2,4,3,'2018-12-06 13:15:08','2018-12-06 13:15:08',0),(324,27,26,5,3,3,4,3,'2018-12-06 13:15:16','2018-12-06 13:15:16',0),(325,26,26,4,4,5,5,3,'2018-12-06 13:15:30','2018-12-06 13:15:30',0),(326,36,26,2,4,4,4,3,'2018-12-06 13:15:36','2018-12-06 13:15:36',1),(327,32,26,4,5,3,3,3,'2018-12-06 13:15:39','2018-12-06 13:15:39',1),(328,35,26,4,3,4,4,5,'2018-12-06 13:15:43','2018-12-06 13:15:43',1),(329,34,26,4,3,3,3,3,'2018-12-06 13:15:45','2018-12-06 13:15:45',1),(330,16,26,4,5,5,4,3,'2018-12-06 13:15:49','2018-12-06 13:15:49',0),(331,11,26,3,3,4,3,3,'2018-12-06 13:15:54','2018-12-06 13:15:54',0),(332,23,26,3,4,4,4,3,'2018-12-06 13:15:54','2018-12-06 13:15:54',0),(333,12,26,4,3,4,4,2,'2018-12-06 13:15:55','2018-12-06 13:15:55',0),(334,29,26,5,4,5,4,5,'2018-12-06 13:15:55','2018-12-06 13:15:55',1),(335,28,26,4,4,4,4,4,'2018-12-06 13:16:01','2018-12-06 13:16:01',0),(336,24,26,4,4,3,4,3,'2018-12-06 13:16:03','2018-12-06 13:16:03',0),(337,14,26,4,2,2,2,2,'2018-12-06 13:16:10','2018-12-06 13:16:10',0),(338,25,26,4,4,4,4,3,'2018-12-06 13:16:13','2018-12-06 13:16:13',0),(339,30,26,4,3,4,3,2,'2018-12-06 13:16:16','2018-12-06 13:16:16',1),(340,13,26,3,4,3,4,2,'2018-12-06 13:16:23','2018-12-06 13:16:23',0),(341,35,27,3,4,4,4,3,'2018-12-06 13:24:04','2018-12-06 13:24:04',1),(342,17,27,3,3,3,3,3,'2018-12-06 13:24:15','2018-12-06 13:24:15',0),(343,18,27,4,3,4,3,3,'2018-12-06 13:25:53','2018-12-06 13:25:53',0),(344,33,27,3,3,4,4,3,'2018-12-06 13:25:54','2018-12-06 13:25:54',1),(345,13,27,4,3,3,3,2,'2018-12-06 13:26:33','2018-12-06 13:26:33',0),(346,16,27,4,4,4,4,4,'2018-12-06 13:27:59','2018-12-06 13:27:59',0),(347,34,27,3,2,3,4,4,'2018-12-06 13:28:08','2018-12-06 13:28:08',1),(348,36,27,3,3,4,4,4,'2018-12-06 13:28:08','2018-12-06 13:28:08',1),(349,32,27,4,3,4,4,4,'2018-12-06 13:28:10','2018-12-06 13:28:10',1),(350,24,27,3,4,3,3,3,'2018-12-06 13:28:17','2018-12-06 13:28:17',0),(351,14,27,4,2,3,3,2,'2018-12-06 13:28:20','2018-12-06 13:28:20',0),(352,38,27,4,2,3,2,3,'2018-12-06 13:28:29','2018-12-06 13:28:29',1),(353,23,27,3,4,4,3,4,'2018-12-06 13:28:32','2018-12-06 13:28:32',0),(354,22,27,3,3,3,4,3,'2018-12-06 13:28:34','2018-12-06 13:28:34',0),(355,11,27,2,2,4,3,4,'2018-12-06 13:28:34','2018-12-06 13:28:34',0),(356,29,27,4,5,4,4,5,'2018-12-06 13:28:34','2018-12-06 13:28:34',1),(357,19,27,4,3,4,3,4,'2018-12-06 13:28:35','2018-12-06 13:28:35',0),(358,26,27,4,3,3,4,3,'2018-12-06 13:28:38','2018-12-06 13:28:38',0),(359,28,27,3,4,4,4,4,'2018-12-06 13:28:38','2018-12-06 13:28:38',0),(360,12,27,2,3,4,4,2,'2018-12-06 13:28:38','2018-12-06 13:28:38',0),(361,27,27,3,3,4,3,4,'2018-12-06 13:28:39','2018-12-06 13:28:39',0),(362,37,27,3,3,4,3,3,'2018-12-06 13:28:39','2018-12-06 13:28:39',1),(363,30,27,4,3,3,3,2,'2018-12-06 13:28:53','2018-12-06 13:28:53',1),(364,25,27,3,3,3,4,3,'2018-12-06 13:29:00','2018-12-06 13:29:00',0),(365,37,28,4,4,4,4,3,'2018-12-06 13:42:38','2018-12-06 13:42:38',1),(366,13,28,2,4,4,4,3,'2018-12-06 13:43:02','2018-12-06 13:43:02',0),(367,18,28,4,3,3,4,3,'2018-12-06 13:43:55','2018-12-06 13:43:55',0),(368,33,28,4,5,5,5,4,'2018-12-06 13:43:58','2018-12-06 13:43:58',1),(369,36,28,3,4,4,4,3,'2018-12-06 13:45:00','2018-12-06 13:45:00',1),(370,27,28,4,3,3,3,4,'2018-12-06 13:45:51','2018-12-06 13:45:51',0),(371,19,28,4,3,3,3,3,'2018-12-06 13:46:17','2018-12-06 13:46:17',0),(372,26,28,3,3,3,3,3,'2018-12-06 13:46:42','2018-12-06 13:46:42',0),(373,14,28,4,3,2,3,2,'2018-12-06 13:46:43','2018-12-06 13:46:43',0),(374,35,28,5,4,4,5,4,'2018-12-06 13:47:08','2018-12-06 13:47:08',1),(375,16,28,3,3,4,3,3,'2018-12-06 13:47:34','2018-12-06 13:47:34',0),(376,38,28,4,4,4,3,3,'2018-12-06 13:47:54','2018-12-06 13:47:54',1),(377,32,28,5,4,4,4,5,'2018-12-06 13:47:55','2018-12-06 13:47:55',1),(378,17,28,4,4,4,4,3,'2018-12-06 13:48:16','2018-12-06 13:48:16',0),(379,23,28,4,3,3,4,3,'2018-12-06 13:48:37','2018-12-06 13:48:37',0),(380,29,28,4,3,4,3,3,'2018-12-06 13:48:51','2018-12-06 13:48:51',1),(381,28,28,4,5,4,4,4,'2018-12-06 13:48:51','2018-12-06 13:48:51',0),(382,24,28,4,4,4,4,3,'2018-12-06 13:48:52','2018-12-06 13:48:52',0),(383,11,28,4,4,3,3,2,'2018-12-06 13:48:58','2018-12-06 13:48:58',0),(384,25,28,4,4,5,5,3,'2018-12-06 13:48:59','2018-12-06 13:48:59',0),(385,22,28,3,3,3,3,3,'2018-12-06 13:48:59','2018-12-06 13:48:59',0),(386,34,28,4,4,4,4,4,'2018-12-06 13:49:00','2018-12-06 13:49:00',1),(387,12,28,4,3,5,4,2,'2018-12-06 13:49:01','2018-12-06 13:49:01',0),(388,30,28,3,3,3,3,2,'2018-12-06 13:49:21','2018-12-06 13:49:21',1),(389,14,29,3,3,2,2,3,'2018-12-06 13:56:41','2018-12-06 13:56:41',0),(390,32,29,4,4,5,4,5,'2018-12-06 13:59:13','2018-12-06 13:59:13',1),(391,29,29,2,3,4,3,3,'2018-12-06 13:59:24','2018-12-06 13:59:24',1),(392,16,29,3,4,4,4,3,'2018-12-06 13:59:35','2018-12-06 13:59:35',0),(393,38,29,4,4,4,4,3,'2018-12-06 14:00:05','2018-12-06 14:00:05',1),(394,37,29,3,3,4,4,4,'2018-12-06 14:00:13','2018-12-06 14:00:13',1),(395,18,29,4,3,4,4,4,'2018-12-06 14:00:26','2018-12-06 14:00:26',0),(396,17,29,4,5,4,3,4,'2018-12-06 14:02:01','2018-12-06 14:02:01',0),(397,36,29,4,4,4,3,4,'2018-12-06 14:03:30','2018-12-06 14:03:30',1),(398,28,29,4,4,4,4,4,'2018-12-06 14:03:37','2018-12-06 14:03:37',0),(399,33,29,4,4,5,5,4,'2018-12-06 14:03:38','2018-12-06 14:03:38',1),(400,19,29,5,4,5,5,5,'2018-12-06 14:03:41','2018-12-06 14:03:41',0),(401,25,29,4,3,4,3,3,'2018-12-06 14:03:42','2018-12-06 14:03:42',0),(402,24,29,3,3,3,3,3,'2018-12-06 14:03:46','2018-12-06 14:03:46',0),(403,35,29,4,4,4,4,4,'2018-12-06 14:03:54','2018-12-06 14:03:54',1),(404,11,29,4,4,4,4,4,'2018-12-06 14:03:56','2018-12-06 14:03:56',0),(405,23,29,4,5,4,4,5,'2018-12-06 14:04:01','2018-12-06 14:04:01',0),(406,27,29,3,3,4,5,4,'2018-12-06 14:04:06','2018-12-06 14:04:06',0),(407,26,29,4,4,4,2,2,'2018-12-06 14:04:12','2018-12-06 14:04:12',0),(408,34,29,5,4,4,4,4,'2018-12-06 14:04:22','2018-12-06 14:04:22',1),(409,12,29,4,4,4,4,2,'2018-12-06 14:04:34','2018-12-06 14:04:34',0),(410,13,29,4,3,4,3,3,'2018-12-06 14:04:36','2018-12-06 14:04:36',0),(411,30,29,3,3,3,2,2,'2018-12-06 14:04:42','2018-12-06 14:04:42',1),(412,22,29,3,4,4,4,2,'2018-12-06 14:04:48','2018-12-06 14:04:48',0),(413,32,30,5,5,5,4,5,'2018-12-06 15:16:24','2018-12-06 15:16:24',1),(414,33,30,4,4,4,5,4,'2018-12-06 15:17:01','2018-12-06 15:17:01',1),(415,18,30,4,4,4,4,4,'2018-12-06 15:17:09','2018-12-06 15:17:09',0),(416,36,30,3,5,5,5,5,'2018-12-06 15:17:26','2018-12-06 15:17:26',1),(417,27,30,5,5,5,5,5,'2018-12-06 15:17:52','2018-12-06 15:17:52',0),(418,13,30,3,4,3,4,2,'2018-12-06 15:18:20','2018-12-06 15:18:20',0),(419,34,30,4,4,4,4,4,'2018-12-06 15:19:20','2018-12-06 15:19:20',1),(420,24,30,5,5,5,5,4,'2018-12-06 15:23:43','2018-12-06 15:23:43',0),(421,38,30,4,3,4,3,3,'2018-12-06 15:24:09','2018-12-06 15:24:09',1),(422,19,30,4,4,3,4,4,'2018-12-06 15:24:34','2018-12-06 15:24:34',0),(423,17,30,4,4,3,4,3,'2018-12-06 15:25:27','2018-12-06 15:25:27',0),(424,29,30,4,2,2,3,3,'2018-12-06 15:25:35','2018-12-06 15:25:35',1),(425,26,30,2,3,5,4,5,'2018-12-06 15:25:37','2018-12-06 15:25:37',0),(426,35,30,3,4,3,4,4,'2018-12-06 15:25:45','2018-12-06 15:25:45',1),(427,16,30,5,5,5,5,5,'2018-12-06 15:25:47','2018-12-06 15:25:47',0),(428,22,30,3,3,5,3,1,'2018-12-06 15:25:48','2018-12-06 15:25:48',0),(429,37,30,3,3,3,4,3,'2018-12-06 15:25:52','2018-12-06 15:25:52',1),(430,14,30,4,3,4,3,3,'2018-12-06 15:26:01','2018-12-06 15:26:01',0),(431,23,30,4,4,4,4,5,'2018-12-06 15:26:01','2018-12-06 15:26:01',0),(432,11,30,4,3,3,3,4,'2018-12-06 15:26:04','2018-12-06 15:26:04',0),(433,28,30,3,3,5,4,2,'2018-12-06 15:26:13','2018-12-06 15:26:13',0),(434,25,30,3,4,5,4,3,'2018-12-06 15:26:13','2018-12-06 15:26:13',0),(435,12,30,4,4,5,5,4,'2018-12-06 15:26:19','2018-12-06 15:26:19',0),(436,38,31,5,4,4,4,4,'2018-12-06 15:35:56','2018-12-06 15:35:56',1),(437,33,31,4,5,5,5,4,'2018-12-06 15:36:09','2018-12-06 15:36:09',1),(438,18,31,4,5,5,5,5,'2018-12-06 15:36:51','2018-12-06 15:36:51',0),(439,13,31,2,5,4,5,3,'2018-12-06 15:37:58','2018-12-06 15:37:58',0),(440,27,31,5,5,5,5,5,'2018-12-06 15:38:51','2018-12-06 15:38:51',0),(441,28,31,5,5,5,5,5,'2018-12-06 15:40:19','2018-12-06 15:40:19',0),(442,37,31,3,4,4,5,4,'2018-12-06 15:41:05','2018-12-06 15:41:05',1),(443,35,31,4,3,4,4,4,'2018-12-06 15:42:41','2018-12-06 15:42:41',1),(444,23,31,4,5,5,5,4,'2018-12-06 15:44:48','2018-12-06 15:44:48',0),(445,16,31,3,4,4,4,4,'2018-12-06 15:44:48','2018-12-06 15:44:48',0),(446,17,31,3,5,5,4,4,'2018-12-06 15:44:49','2018-12-06 15:44:49',0),(447,24,31,5,5,5,5,5,'2018-12-06 15:44:52','2018-12-06 15:44:52',0),(448,34,31,5,4,5,5,5,'2018-12-06 15:44:52','2018-12-06 15:44:52',1),(449,26,31,2,4,5,4,5,'2018-12-06 15:44:55','2018-12-06 15:44:55',0),(450,22,31,5,4,4,4,4,'2018-12-06 15:44:57','2018-12-06 15:44:57',0),(451,29,31,2,4,5,5,4,'2018-12-06 15:44:58','2018-12-06 15:44:58',1),(452,36,31,3,5,5,5,5,'2018-12-06 15:45:00','2018-12-06 15:45:00',1),(453,12,31,5,3,5,5,5,'2018-12-06 15:45:07','2018-12-06 15:45:07',0),(454,19,31,4,4,3,4,3,'2018-12-06 15:45:10','2018-12-06 15:45:10',0),(455,11,31,4,4,4,4,2,'2018-12-06 15:45:11','2018-12-06 15:45:11',0),(456,32,31,4,5,5,5,5,'2018-12-06 15:45:11','2018-12-06 15:45:11',1),(457,25,31,5,5,5,4,4,'2018-12-06 15:45:11','2018-12-06 15:45:11',0),(458,30,31,5,4,3,4,2,'2018-12-06 15:45:16','2018-12-06 15:45:16',1),(459,14,31,4,4,4,5,5,'2018-12-06 15:45:23','2018-12-06 15:45:23',0),(460,27,32,5,4,5,5,4,'2018-12-06 15:51:07','2018-12-06 15:51:07',0),(461,35,32,5,5,5,5,5,'2018-12-06 15:52:24','2018-12-06 15:52:24',1),(462,37,32,4,5,4,5,4,'2018-12-06 15:52:33','2018-12-06 15:52:33',1),(463,17,32,3,4,3,3,3,'2018-12-06 15:52:50','2018-12-06 15:52:50',0),(464,33,32,3,4,3,5,3,'2018-12-06 15:52:53','2018-12-06 15:52:53',1),(465,38,32,4,2,2,3,1,'2018-12-06 15:52:56','2018-12-06 15:52:56',1),(466,13,32,2,5,3,4,2,'2018-12-06 15:52:57','2018-12-06 15:52:57',0),(467,18,32,3,4,4,4,3,'2018-12-06 15:54:06','2018-12-06 15:54:06',0),(468,26,32,1,3,3,5,2,'2018-12-06 15:54:39','2018-12-06 15:54:39',0),(469,24,32,3,3,4,4,3,'2018-12-06 16:00:38','2018-12-06 16:00:38',0),(470,34,32,4,2,2,4,2,'2018-12-06 16:00:38','2018-12-06 16:00:38',1),(471,29,32,3,2,1,2,2,'2018-12-06 16:00:47','2018-12-06 16:00:47',1),(472,16,32,3,3,4,4,3,'2018-12-06 16:00:51','2018-12-06 16:00:51',0),(473,19,32,5,3,3,4,2,'2018-12-06 16:00:53','2018-12-06 16:00:53',0),(474,28,32,3,3,3,3,0,'2018-12-06 16:00:56','2018-12-06 16:00:56',0),(475,25,32,3,2,3,4,2,'2018-12-06 16:00:57','2018-12-06 16:00:57',0),(476,22,32,5,5,5,5,5,'2018-12-06 16:00:58','2018-12-06 16:00:58',0),(477,32,32,3,3,2,4,3,'2018-12-06 16:01:02','2018-12-06 16:01:02',1),(478,11,32,4,4,4,4,2,'2018-12-06 16:01:10','2018-12-06 16:01:10',0),(479,23,32,5,4,4,4,3,'2018-12-06 16:01:14','2018-12-06 16:01:14',0),(480,30,32,4,3,3,3,2,'2018-12-06 16:01:14','2018-12-06 16:01:14',1),(481,14,32,3,3,4,3,3,'2018-12-06 16:01:15','2018-12-06 16:01:15',0),(482,12,32,4,4,4,5,3,'2018-12-06 16:01:21','2018-12-06 16:01:21',0),(483,36,32,1,3,2,3,3,'2018-12-06 16:01:25','2018-12-06 16:01:25',1),(484,14,33,3,3,3,4,3,'2018-12-06 16:14:33','2018-12-06 16:14:33',0),(485,28,33,5,5,5,5,5,'2018-12-06 16:14:55','2018-12-06 16:14:55',0),(486,35,33,3,4,4,4,4,'2018-12-06 16:15:55','2018-12-06 16:15:55',1),(487,37,33,4,4,4,4,4,'2018-12-06 16:16:05','2018-12-06 16:16:05',1),(488,33,33,4,4,5,4,5,'2018-12-06 16:16:32','2018-12-06 16:16:32',1),(489,16,33,3,4,4,4,4,'2018-12-06 16:16:46','2018-12-06 16:16:46',0),(490,38,33,4,4,3,4,3,'2018-12-06 16:17:00','2018-12-06 16:17:00',1),(491,18,33,3,4,4,4,4,'2018-12-06 16:17:46','2018-12-06 16:17:46',0),(492,13,33,3,4,3,3,3,'2018-12-06 16:18:47','2018-12-06 16:18:47',0),(493,34,33,3,3,4,4,3,'2018-12-06 16:20:30','2018-12-06 16:20:30',1),(494,17,33,3,4,2,4,3,'2018-12-06 16:20:59','2018-12-06 16:20:59',0),(495,19,33,4,4,5,4,4,'2018-12-06 16:21:19','2018-12-06 16:21:19',0),(496,26,33,5,4,5,5,1,'2018-12-06 16:21:23','2018-12-06 16:21:23',0),(497,29,33,2,3,3,4,3,'2018-12-06 16:21:40','2018-12-06 16:21:40',1),(498,27,33,3,4,4,4,4,'2018-12-06 16:21:44','2018-12-06 16:21:44',0),(499,11,33,5,3,4,3,2,'2018-12-06 16:21:47','2018-12-06 16:21:47',0),(500,25,33,4,5,4,5,4,'2018-12-06 16:21:49','2018-12-06 16:21:49',0),(501,24,33,3,4,4,4,3,'2018-12-06 16:21:49','2018-12-06 16:21:49',0),(502,12,33,4,4,4,5,3,'2018-12-06 16:21:50','2018-12-06 16:21:50',0),(503,22,33,5,5,5,5,5,'2018-12-06 16:21:51','2018-12-06 16:21:51',0),(504,23,33,4,5,4,4,4,'2018-12-06 16:22:01','2018-12-06 16:22:01',0),(505,30,33,3,4,4,4,4,'2018-12-06 16:22:06','2018-12-06 16:22:06',1);
/*!40000 ALTER TABLE `mark_experts` ENABLE KEYS */;
UNLOCK TABLES;

--
-- Table structure for table `marks`
--

DROP TABLE IF EXISTS `marks`;
/*!40101 SET @saved_cs_client     = @@character_set_client */;
/*!40101 SET character_set_client = utf8 */;
CREATE TABLE `marks` (
  `id` int(10) unsigned NOT NULL AUTO_INCREMENT,
  `user_id` int(10) unsigned NOT NULL,
  `report_id` int(10) unsigned NOT NULL,
  `mark` tinyint(4) NOT NULL,
  `created_at` timestamp NULL DEFAULT NULL,
  `updated_at` timestamp NULL DEFAULT NULL,
  `expert_type` tinyint(4) NOT NULL DEFAULT '0',
  PRIMARY KEY (`id`),
  KEY `marks_user_id_index` (`user_id`),
  KEY `marks_report_id_index` (`report_id`),
  CONSTRAINT `marks_report_id_foreign` FOREIGN KEY (`report_id`) REFERENCES `reports` (`id`) ON DELETE CASCADE,
  CONSTRAINT `marks_user_id_foreign` FOREIGN KEY (`user_id`) REFERENCES `users` (`id`) ON DELETE CASCADE
) ENGINE=InnoDB AUTO_INCREMENT=1469 DEFAULT CHARSET=utf8mb4 COLLATE=utf8mb4_unicode_ci;
/*!40101 SET character_set_client = @saved_cs_client */;

--
-- Dumping data for table `marks`
--

LOCK TABLES `marks` WRITE;
/*!40000 ALTER TABLE `marks` DISABLE KEYS */;
INSERT INTO `marks` VALUES (6,45,15,5,'2018-12-06 09:59:25','2018-12-06 09:59:25',0),(7,87,15,1,'2018-12-06 09:59:59','2018-12-06 09:59:59',0),(8,114,15,5,'2018-12-06 10:00:40','2018-12-06 10:00:40',0),(9,119,15,3,'2018-12-06 10:02:15','2018-12-06 10:02:15',0),(10,70,15,2,'2018-12-06 10:02:27','2018-12-06 10:02:27',0),(11,121,15,4,'2018-12-06 10:02:51','2018-12-06 10:02:51',0),(12,54,15,4,'2018-12-06 10:03:42','2018-12-06 10:03:42',0),(13,111,15,5,'2018-12-06 10:04:15','2018-12-06 10:04:15',0),(14,43,15,5,'2018-12-06 10:04:37','2018-12-06 10:04:37',0),(15,107,15,5,'2018-12-06 10:04:38','2018-12-06 10:04:38',0),(16,112,15,3,'2018-12-06 10:04:40','2018-12-06 10:04:40',0),(17,113,15,5,'2018-12-06 10:04:40','2018-12-06 10:04:40',0),(18,110,15,3,'2018-12-06 10:04:40','2018-12-06 10:04:40',0),(19,90,15,4,'2018-12-06 10:04:41','2018-12-06 10:04:41',0),(20,71,15,4,'2018-12-06 10:04:41','2018-12-06 10:04:41',0),(21,62,15,3,'2018-12-06 10:04:42','2018-12-06 10:04:42',0),(22,109,15,3,'2018-12-06 10:04:50','2018-12-06 10:04:50',0),(23,58,15,4,'2018-12-06 10:04:52','2018-12-06 10:04:52',0),(24,51,15,3,'2018-12-06 10:04:53','2018-12-06 10:04:53',0),(25,44,15,4,'2018-12-06 10:04:55','2018-12-06 10:04:55',0),(26,88,15,5,'2018-12-06 10:04:57','2018-12-06 10:04:57',0),(27,75,15,3,'2018-12-06 10:04:58','2018-12-06 10:04:58',0),(28,84,15,3,'2018-12-06 10:05:03','2018-12-06 10:05:03',0),(29,100,15,3,'2018-12-06 10:05:04','2018-12-06 10:05:04',0),(30,79,15,4,'2018-12-06 10:05:10','2018-12-06 10:05:10',0),(31,122,15,2,'2018-12-06 10:05:11','2018-12-06 10:05:11',0),(32,117,15,3,'2018-12-06 10:05:13','2018-12-06 10:05:13',0),(33,95,15,3,'2018-12-06 10:05:17','2018-12-06 10:05:17',0),(34,120,15,4,'2018-12-06 10:06:04','2018-12-06 10:06:04',0),(35,116,15,4,'2018-12-06 10:06:11','2018-12-06 10:06:11',0),(36,64,15,3,'2018-12-06 10:07:16','2018-12-06 10:07:16',0),(37,123,15,3,'2018-12-06 10:07:30','2018-12-06 10:07:30',0),(38,115,15,4,'2018-12-06 10:07:47','2018-12-06 10:07:47',0),(39,92,15,5,'2018-12-06 10:08:18','2018-12-06 10:08:18',0),(40,124,15,4,'2018-12-06 10:10:08','2018-12-06 10:10:08',0),(41,125,15,4,'2018-12-06 10:10:45','2018-12-06 10:10:45',0),(42,106,15,4,'2018-12-06 10:10:58','2018-12-06 10:10:58',0),(43,69,15,3,'2018-12-06 10:11:02','2018-12-06 10:11:02',0),(44,96,15,2,'2018-12-06 10:11:10','2018-12-06 10:11:10',0),(45,118,15,3,'2018-12-06 10:11:12','2018-12-06 10:11:12',0),(46,77,15,3,'2018-12-06 10:11:15','2018-12-06 10:11:15',0),(47,50,15,3,'2018-12-06 10:11:16','2018-12-06 10:11:16',0),(48,66,15,5,'2018-12-06 10:11:16','2018-12-06 10:11:16',0),(49,86,15,3,'2018-12-06 10:11:17','2018-12-06 10:11:17',0),(50,59,15,3,'2018-12-06 10:11:17','2018-12-06 10:11:17',0),(51,93,15,3,'2018-12-06 10:11:18','2018-12-06 10:11:18',0),(52,97,15,1,'2018-12-06 10:11:23','2018-12-06 10:11:23',0),(53,126,15,5,'2018-12-06 10:11:23','2018-12-06 10:11:23',0),(54,85,15,3,'2018-12-06 10:11:36','2018-12-06 10:11:36',0),(55,94,15,4,'2018-12-06 10:11:41','2018-12-06 10:11:41',0),(56,80,15,4,'2018-12-06 10:11:41','2018-12-06 10:11:41',0),(57,102,15,3,'2018-12-06 10:11:46','2018-12-06 10:11:46',0),(58,98,15,4,'2018-12-06 10:11:47','2018-12-06 10:11:47',0),(59,72,15,3,'2018-12-06 10:11:54','2018-12-06 10:11:54',0),(60,67,15,4,'2018-12-06 10:11:57','2018-12-06 10:11:57',0),(61,99,15,2,'2018-12-06 10:12:03','2018-12-06 10:12:03',0),(62,128,16,2,'2018-12-06 10:12:38','2018-12-06 10:12:38',0),(63,131,16,5,'2018-12-06 10:12:43','2018-12-06 10:12:43',0),(64,136,16,3,'2018-12-06 10:13:50','2018-12-06 10:13:50',0),(65,119,16,2,'2018-12-06 10:14:12','2018-12-06 10:14:12',0),(66,139,16,5,'2018-12-06 10:14:20','2018-12-06 10:14:20',0),(67,71,16,5,'2018-12-06 10:14:26','2018-12-06 10:14:26',0),(68,76,16,5,'2018-12-06 10:14:43','2018-12-06 10:14:43',0),(69,83,16,4,'2018-12-06 10:14:52','2018-12-06 10:14:52',0),(70,98,16,1,'2018-12-06 10:17:01','2018-12-06 10:17:01',0),(71,145,16,4,'2018-12-06 10:17:04','2018-12-06 10:17:04',0),(72,123,16,5,'2018-12-06 10:17:32','2018-12-06 10:17:32',0),(73,111,16,5,'2018-12-06 10:17:36','2018-12-06 10:17:36',0),(74,87,16,4,'2018-12-06 10:17:41','2018-12-06 10:17:41',0),(75,130,16,2,'2018-12-06 10:17:47','2018-12-06 10:17:47',0),(76,45,16,5,'2018-12-06 10:18:11','2018-12-06 10:18:11',0),(77,134,16,5,'2018-12-06 10:18:17','2018-12-06 10:18:17',0),(78,114,16,5,'2018-12-06 10:18:31','2018-12-06 10:18:31',0),(79,51,16,5,'2018-12-06 10:18:35','2018-12-06 10:18:35',0),(80,102,16,1,'2018-12-06 10:19:19','2018-12-06 10:19:19',0),(81,127,16,3,'2018-12-06 10:19:24','2018-12-06 10:19:24',0),(82,149,16,5,'2018-12-06 10:19:25','2018-12-06 10:19:25',0),(83,137,16,2,'2018-12-06 10:19:28','2018-12-06 10:19:28',0),(84,99,16,4,'2018-12-06 10:19:34','2018-12-06 10:19:34',0),(85,78,16,4,'2018-12-06 10:20:29','2018-12-06 10:20:29',0),(86,94,16,5,'2018-12-06 10:20:38','2018-12-06 10:20:38',0),(87,44,16,5,'2018-12-06 10:20:43','2018-12-06 10:20:43',0),(88,150,16,5,'2018-12-06 10:20:49','2018-12-06 10:20:49',0),(89,129,16,4,'2018-12-06 10:20:50','2018-12-06 10:20:50',0),(90,125,16,4,'2018-12-06 10:21:13','2018-12-06 10:21:13',0),(91,97,16,3,'2018-12-06 10:21:17','2018-12-06 10:21:17',0),(92,135,16,5,'2018-12-06 10:21:21','2018-12-06 10:21:21',0),(93,82,16,5,'2018-12-06 10:21:24','2018-12-06 10:21:24',0),(94,148,16,5,'2018-12-06 10:21:25','2018-12-06 10:21:25',0),(95,49,16,5,'2018-12-06 10:21:25','2018-12-06 10:21:25',0),(96,79,16,5,'2018-12-06 10:21:29','2018-12-06 10:21:29',0),(97,109,16,4,'2018-12-06 10:21:31','2018-12-06 10:21:31',0),(98,143,16,4,'2018-12-06 10:21:32','2018-12-06 10:21:32',0),(99,107,16,1,'2018-12-06 10:21:32','2018-12-06 10:21:32',0),(100,112,16,4,'2018-12-06 10:21:33','2018-12-06 10:21:33',0),(101,84,16,5,'2018-12-06 10:21:33','2018-12-06 10:21:33',0),(102,90,16,5,'2018-12-06 10:21:37','2018-12-06 10:21:37',0),(103,138,16,3,'2018-12-06 10:21:37','2018-12-06 10:21:37',0),(104,96,16,4,'2018-12-06 10:21:38','2018-12-06 10:21:38',0),(105,85,16,5,'2018-12-06 10:21:42','2018-12-06 10:21:42',0),(106,126,16,2,'2018-12-06 10:21:43','2018-12-06 10:21:43',0),(107,121,16,5,'2018-12-06 10:21:45','2018-12-06 10:21:45',0),(108,64,16,5,'2018-12-06 10:21:46','2018-12-06 10:21:46',0),(109,86,16,4,'2018-12-06 10:21:50','2018-12-06 10:21:50',0),(110,58,16,5,'2018-12-06 10:21:51','2018-12-06 10:21:51',0),(111,54,16,5,'2018-12-06 10:21:51','2018-12-06 10:21:51',0),(112,66,16,4,'2018-12-06 10:22:03','2018-12-06 10:22:03',0),(113,142,16,3,'2018-12-06 10:22:06','2018-12-06 10:22:06',0),(114,95,16,4,'2018-12-06 10:22:16','2018-12-06 10:22:16',0),(115,151,16,3,'2018-12-06 10:22:31','2018-12-06 10:22:31',0),(116,113,16,5,'2018-12-06 10:22:53','2018-12-06 10:22:53',0),(117,147,16,4,'2018-12-06 10:24:25','2018-12-06 10:24:25',0),(118,117,16,4,'2018-12-06 10:24:43','2018-12-06 10:24:43',0),(119,120,16,3,'2018-12-06 10:24:59','2018-12-06 10:24:59',0),(120,92,16,3,'2018-12-06 10:25:14','2018-12-06 10:25:14',0),(121,75,16,3,'2018-12-06 10:25:36','2018-12-06 10:25:36',0),(122,62,16,5,'2018-12-06 10:25:41','2018-12-06 10:25:41',0),(123,72,16,4,'2018-12-06 10:25:47','2018-12-06 10:25:47',0),(124,88,16,3,'2018-12-06 10:26:08','2018-12-06 10:26:08',0),(125,122,16,2,'2018-12-06 10:26:10','2018-12-06 10:26:10',0),(126,133,16,3,'2018-12-06 10:26:16','2018-12-06 10:26:16',0),(127,152,16,3,'2018-12-06 10:26:20','2018-12-06 10:26:20',0),(128,100,16,4,'2018-12-06 10:26:39','2018-12-06 10:26:39',0),(129,141,16,5,'2018-12-06 10:26:43','2018-12-06 10:26:43',0),(130,46,16,3,'2018-12-06 10:27:21','2018-12-06 10:27:21',0),(131,43,16,5,'2018-12-06 10:27:23','2018-12-06 10:27:23',0),(132,132,16,3,'2018-12-06 10:28:05','2018-12-06 10:28:05',0),(133,106,16,3,'2018-12-06 10:30:24','2018-12-06 10:30:24',0),(134,110,16,3,'2018-12-06 10:30:25','2018-12-06 10:30:25',0),(135,140,16,2,'2018-12-06 10:30:27','2018-12-06 10:30:27',0),(136,59,16,5,'2018-12-06 10:30:28','2018-12-06 10:30:28',0),(137,57,16,4,'2018-12-06 10:30:29','2018-12-06 10:30:29',0),(138,69,16,5,'2018-12-06 10:30:33','2018-12-06 10:30:33',0),(139,74,16,3,'2018-12-06 10:30:42','2018-12-06 10:30:42',0),(140,77,16,2,'2018-12-06 10:30:43','2018-12-06 10:30:43',0),(141,50,16,4,'2018-12-06 10:30:45','2018-12-06 10:30:45',0),(142,144,16,4,'2018-12-06 10:30:47','2018-12-06 10:30:47',0),(143,67,16,3,'2018-12-06 10:30:54','2018-12-06 10:30:54',0),(144,154,16,2,'2018-12-06 10:30:58','2018-12-06 10:30:58',0),(145,115,16,3,'2018-12-06 10:31:11','2018-12-06 10:31:11',0),(146,49,17,5,'2018-12-06 10:32:49','2018-12-06 10:32:49',0),(147,155,17,0,'2018-12-06 10:33:07','2018-12-06 10:33:07',0),(148,80,17,5,'2018-12-06 10:33:20','2018-12-06 10:33:20',0),(149,145,17,1,'2018-12-06 10:34:40','2018-12-06 10:34:40',0),(150,127,17,0,'2018-12-06 10:34:54','2018-12-06 10:34:54',0),(151,99,17,1,'2018-12-06 10:35:01','2018-12-06 10:35:01',0),(152,45,17,4,'2018-12-06 10:35:06','2018-12-06 10:35:06',0),(153,137,17,1,'2018-12-06 10:35:10','2018-12-06 10:35:10',0),(154,129,17,0,'2018-12-06 10:35:16','2018-12-06 10:35:16',0),(155,131,17,3,'2018-12-06 10:35:48','2018-12-06 10:35:48',0),(156,87,17,3,'2018-12-06 10:35:51','2018-12-06 10:35:51',0),(157,123,17,3,'2018-12-06 10:36:01','2018-12-06 10:36:01',0),(158,119,17,4,'2018-12-06 10:36:04','2018-12-06 10:36:04',0),(159,151,17,3,'2018-12-06 10:36:12','2018-12-06 10:36:12',0),(160,54,17,2,'2018-12-06 10:37:40','2018-12-06 10:37:40',0),(161,71,17,3,'2018-12-06 10:37:49','2018-12-06 10:37:49',0),(162,96,17,1,'2018-12-06 10:38:27','2018-12-06 10:38:27',0),(163,111,17,4,'2018-12-06 10:38:44','2018-12-06 10:38:44',0),(164,98,17,0,'2018-12-06 10:39:17','2018-12-06 10:39:17',0),(165,130,17,2,'2018-12-06 10:40:07','2018-12-06 10:40:07',0),(166,133,17,5,'2018-12-06 10:40:15','2018-12-06 10:40:15',0),(167,106,17,2,'2018-12-06 10:40:35','2018-12-06 10:40:35',0),(168,112,17,0,'2018-12-06 10:40:48','2018-12-06 10:40:48',0),(169,139,17,2,'2018-12-06 10:40:54','2018-12-06 10:40:54',0),(170,153,17,3,'2018-12-06 10:41:12','2018-12-06 10:41:12',0),(171,90,17,0,'2018-12-06 10:41:26','2018-12-06 10:41:26',0),(172,107,17,0,'2018-12-06 10:41:26','2018-12-06 10:41:26',0),(173,115,17,4,'2018-12-06 10:41:36','2018-12-06 10:41:36',0),(174,117,17,3,'2018-12-06 10:41:40','2018-12-06 10:41:40',0),(175,77,17,3,'2018-12-06 10:41:42','2018-12-06 10:41:42',0),(176,134,17,3,'2018-12-06 10:41:54','2018-12-06 10:41:54',0),(177,86,17,2,'2018-12-06 10:41:57','2018-12-06 10:41:57',0),(178,146,17,3,'2018-12-06 10:41:59','2018-12-06 10:41:59',0),(179,95,17,1,'2018-12-06 10:42:01','2018-12-06 10:42:01',0),(180,85,17,5,'2018-12-06 10:42:04','2018-12-06 10:42:04',0),(181,160,17,2,'2018-12-06 10:42:23','2018-12-06 10:42:23',0),(182,58,17,3,'2018-12-06 10:42:35','2018-12-06 10:42:35',0),(183,84,17,3,'2018-12-06 10:42:40','2018-12-06 10:42:40',0),(184,122,17,4,'2018-12-06 10:43:07','2018-12-06 10:43:07',0),(185,113,17,3,'2018-12-06 10:43:24','2018-12-06 10:43:24',0),(186,109,17,2,'2018-12-06 10:43:39','2018-12-06 10:43:39',0),(187,44,17,4,'2018-12-06 10:43:49','2018-12-06 10:43:49',0),(188,101,17,5,'2018-12-06 10:44:10','2018-12-06 10:44:10',0),(189,92,17,3,'2018-12-06 10:44:23','2018-12-06 10:44:23',0),(190,72,17,3,'2018-12-06 10:44:25','2018-12-06 10:44:25',0),(191,75,17,3,'2018-12-06 10:44:49','2018-12-06 10:44:49',0),(192,64,17,1,'2018-12-06 10:44:51','2018-12-06 10:44:51',0),(193,62,17,3,'2018-12-06 10:44:55','2018-12-06 10:44:55',0),(194,51,17,2,'2018-12-06 10:45:17','2018-12-06 10:45:17',0),(195,120,17,1,'2018-12-06 10:45:18','2018-12-06 10:45:18',0),(196,126,17,1,'2018-12-06 10:45:26','2018-12-06 10:45:26',0),(197,152,17,3,'2018-12-06 10:45:46','2018-12-06 10:45:46',0),(198,97,17,1,'2018-12-06 10:45:58','2018-12-06 10:45:58',0),(199,82,17,5,'2018-12-06 10:46:09','2018-12-06 10:46:09',0),(200,125,17,2,'2018-12-06 10:46:24','2018-12-06 10:46:24',0),(201,121,17,2,'2018-12-06 10:46:25','2018-12-06 10:46:25',0),(202,144,17,0,'2018-12-06 10:47:17','2018-12-06 10:47:17',0),(203,46,17,3,'2018-12-06 10:47:44','2018-12-06 10:47:44',0),(204,88,17,4,'2018-12-06 10:47:46','2018-12-06 10:47:46',0),(205,78,17,2,'2018-12-06 10:48:08','2018-12-06 10:48:08',0),(206,143,17,5,'2018-12-06 10:48:20','2018-12-06 10:48:20',0),(207,102,17,3,'2018-12-06 10:48:26','2018-12-06 10:48:26',0),(208,142,17,2,'2018-12-06 10:48:48','2018-12-06 10:48:48',0),(209,157,17,3,'2018-12-06 10:49:06','2018-12-06 10:49:06',0),(210,79,17,4,'2018-12-06 10:49:23','2018-12-06 10:49:23',0),(211,148,17,4,'2018-12-06 10:49:27','2018-12-06 10:49:27',0),(212,66,17,4,'2018-12-06 10:50:04','2018-12-06 10:50:04',0),(213,124,17,3,'2018-12-06 10:50:40','2018-12-06 10:50:40',0),(214,156,17,0,'2018-12-06 10:50:52','2018-12-06 10:50:52',0),(215,100,17,3,'2018-12-06 10:50:53','2018-12-06 10:50:53',0),(216,140,17,4,'2018-12-06 10:51:00','2018-12-06 10:51:00',0),(217,158,17,4,'2018-12-06 10:51:01','2018-12-06 10:51:01',0),(218,159,17,3,'2018-12-06 10:51:04','2018-12-06 10:51:04',0),(219,69,17,1,'2018-12-06 10:51:09','2018-12-06 10:51:09',0),(220,132,17,3,'2018-12-06 10:51:09','2018-12-06 10:51:09',0),(221,59,17,4,'2018-12-06 10:51:12','2018-12-06 10:51:12',0),(222,154,17,3,'2018-12-06 10:51:15','2018-12-06 10:51:15',0),(223,74,17,2,'2018-12-06 10:51:18','2018-12-06 10:51:18',0),(224,50,17,2,'2018-12-06 10:52:00','2018-12-06 10:52:00',0),(225,163,17,4,'2018-12-06 10:52:08','2018-12-06 10:52:08',0),(226,49,34,5,'2018-12-06 10:52:46','2018-12-06 10:52:46',0),(227,122,34,0,'2018-12-06 10:52:46','2018-12-06 10:52:46',0),(228,98,34,2,'2018-12-06 10:53:06','2018-12-06 10:53:06',0),(229,123,34,1,'2018-12-06 10:53:13','2018-12-06 10:53:13',0),(230,76,34,4,'2018-12-06 10:53:23','2018-12-06 10:53:23',0),(231,145,34,3,'2018-12-06 10:53:38','2018-12-06 10:53:38',0),(232,150,34,5,'2018-12-06 10:53:41','2018-12-06 10:53:41',0),(233,168,34,5,'2018-12-06 10:54:23','2018-12-06 10:54:23',0),(234,99,34,3,'2018-12-06 10:54:26','2018-12-06 10:54:26',0),(235,153,34,1,'2018-12-06 10:54:38','2018-12-06 10:54:38',0),(236,119,34,1,'2018-12-06 10:54:56','2018-12-06 10:54:56',0),(237,142,34,0,'2018-12-06 10:55:19','2018-12-06 10:55:19',0),(238,80,34,5,'2018-12-06 10:55:28','2018-12-06 10:55:28',0),(239,134,34,0,'2018-12-06 10:55:42','2018-12-06 10:55:42',0),(240,87,34,2,'2018-12-06 10:55:57','2018-12-06 10:55:57',0),(241,160,34,0,'2018-12-06 10:56:31','2018-12-06 10:56:31',0),(242,130,34,3,'2018-12-06 10:57:16','2018-12-06 10:57:16',0),(243,151,34,2,'2018-12-06 10:57:21','2018-12-06 10:57:21',0),(244,45,34,5,'2018-12-06 10:57:23','2018-12-06 10:57:23',0),(245,46,34,3,'2018-12-06 10:57:25','2018-12-06 10:57:25',0),(246,72,34,3,'2018-12-06 10:57:59','2018-12-06 10:57:59',0),(247,143,34,0,'2018-12-06 10:58:53','2018-12-06 10:58:53',0),(248,44,34,2,'2018-12-06 10:59:17','2018-12-06 10:59:17',0),(249,169,34,2,'2018-12-06 10:59:17','2018-12-06 10:59:17',0),(250,139,34,0,'2018-12-06 10:59:19','2018-12-06 10:59:19',0),(251,84,34,5,'2018-12-06 10:59:20','2018-12-06 10:59:20',0),(252,77,34,2,'2018-12-06 10:59:35','2018-12-06 10:59:35',0),(253,82,34,5,'2018-12-06 11:00:14','2018-12-06 11:00:14',0),(254,54,34,3,'2018-12-06 11:00:29','2018-12-06 11:00:29',0),(255,112,34,4,'2018-12-06 11:00:47','2018-12-06 11:00:47',0),(256,51,34,3,'2018-12-06 11:00:56','2018-12-06 11:00:56',0),(257,64,34,1,'2018-12-06 11:01:38','2018-12-06 11:01:38',0),(258,96,34,4,'2018-12-06 11:01:51','2018-12-06 11:01:51',0),(259,90,34,4,'2018-12-06 11:01:52','2018-12-06 11:01:52',0),(260,127,34,2,'2018-12-06 11:01:53','2018-12-06 11:01:53',0),(261,78,34,3,'2018-12-06 11:01:55','2018-12-06 11:01:55',0),(262,163,34,2,'2018-12-06 11:01:58','2018-12-06 11:01:58',0),(263,75,34,2,'2018-12-06 11:02:03','2018-12-06 11:02:03',0),(264,156,34,2,'2018-12-06 11:02:05','2018-12-06 11:02:05',0),(265,125,34,3,'2018-12-06 11:02:06','2018-12-06 11:02:06',0),(266,133,34,3,'2018-12-06 11:02:07','2018-12-06 11:02:07',0),(267,58,34,4,'2018-12-06 11:02:12','2018-12-06 11:02:12',0),(268,74,34,3,'2018-12-06 11:02:16','2018-12-06 11:02:16',0),(269,97,34,3,'2018-12-06 11:02:22','2018-12-06 11:02:22',0),(270,85,34,2,'2018-12-06 11:02:22','2018-12-06 11:02:22',0),(271,62,34,5,'2018-12-06 11:02:33','2018-12-06 11:02:33',0),(272,95,34,2,'2018-12-06 11:02:34','2018-12-06 11:02:34',0),(273,154,34,5,'2018-12-06 11:02:49','2018-12-06 11:02:49',0),(274,102,34,3,'2018-12-06 11:02:53','2018-12-06 11:02:53',0),(275,129,34,3,'2018-12-06 11:02:54','2018-12-06 11:02:54',0),(276,67,34,5,'2018-12-06 11:02:59','2018-12-06 11:02:59',0),(277,166,34,4,'2018-12-06 11:03:00','2018-12-06 11:03:00',0),(278,120,34,4,'2018-12-06 11:03:01','2018-12-06 11:03:01',0),(279,111,34,3,'2018-12-06 11:03:03','2018-12-06 11:03:03',0),(280,148,34,3,'2018-12-06 11:03:05','2018-12-06 11:03:05',0),(281,131,34,3,'2018-12-06 11:03:24','2018-12-06 11:03:24',0),(282,117,34,3,'2018-12-06 11:03:26','2018-12-06 11:03:26',0),(283,106,34,3,'2018-12-06 11:03:32','2018-12-06 11:03:32',0),(284,126,34,1,'2018-12-06 11:03:55','2018-12-06 11:03:55',0),(285,88,34,4,'2018-12-06 11:04:23','2018-12-06 11:04:23',0),(286,83,34,3,'2018-12-06 11:05:33','2018-12-06 11:05:33',0),(287,157,34,2,'2018-12-06 11:06:07','2018-12-06 11:06:07',0),(288,92,34,3,'2018-12-06 11:06:27','2018-12-06 11:06:27',0),(289,167,34,5,'2018-12-06 11:06:33','2018-12-06 11:06:33',0),(290,66,34,4,'2018-12-06 11:07:27','2018-12-06 11:07:27',0),(291,109,34,4,'2018-12-06 11:07:27','2018-12-06 11:07:27',0),(292,79,34,3,'2018-12-06 11:07:27','2018-12-06 11:07:27',0),(293,86,34,1,'2018-12-06 11:07:29','2018-12-06 11:07:29',0),(294,140,34,3,'2018-12-06 11:07:31','2018-12-06 11:07:31',0),(295,124,34,4,'2018-12-06 11:07:31','2018-12-06 11:07:31',0),(296,132,34,2,'2018-12-06 11:07:32','2018-12-06 11:07:32',0),(297,152,34,4,'2018-12-06 11:07:33','2018-12-06 11:07:33',0),(298,121,34,3,'2018-12-06 11:07:34','2018-12-06 11:07:34',0),(299,50,34,2,'2018-12-06 11:07:35','2018-12-06 11:07:35',0),(300,69,34,1,'2018-12-06 11:07:40','2018-12-06 11:07:40',0),(301,71,34,4,'2018-12-06 11:07:44','2018-12-06 11:07:44',0),(302,100,34,4,'2018-12-06 11:08:06','2018-12-06 11:08:06',0),(303,115,34,4,'2018-12-06 11:08:21','2018-12-06 11:08:21',0),(304,98,18,3,'2018-12-06 11:09:44','2018-12-06 11:09:44',0),(305,150,18,5,'2018-12-06 11:09:52','2018-12-06 11:09:52',0),(306,168,18,5,'2018-12-06 11:09:53','2018-12-06 11:09:53',0),(307,45,18,5,'2018-12-06 11:09:58','2018-12-06 11:09:58',0),(308,71,18,5,'2018-12-06 11:10:11','2018-12-06 11:10:11',0),(309,51,18,5,'2018-12-06 11:10:50','2018-12-06 11:10:50',0),(310,145,18,2,'2018-12-06 11:11:11','2018-12-06 11:11:11',0),(311,131,18,4,'2018-12-06 11:11:40','2018-12-06 11:11:40',0),(312,49,18,5,'2018-12-06 11:11:51','2018-12-06 11:11:51',0),(313,80,18,5,'2018-12-06 11:11:57','2018-12-06 11:11:57',0),(314,67,18,3,'2018-12-06 11:12:03','2018-12-06 11:12:03',0),(315,90,18,4,'2018-12-06 11:12:09','2018-12-06 11:12:09',0),(316,66,18,5,'2018-12-06 11:12:11','2018-12-06 11:12:11',0),(317,54,18,4,'2018-12-06 11:13:26','2018-12-06 11:13:26',0),(318,94,18,5,'2018-12-06 11:13:32','2018-12-06 11:13:32',0),(319,153,18,5,'2018-12-06 11:13:42','2018-12-06 11:13:42',0),(320,86,18,4,'2018-12-06 11:13:43','2018-12-06 11:13:43',0),(321,123,18,5,'2018-12-06 11:13:44','2018-12-06 11:13:44',0),(322,111,18,5,'2018-12-06 11:13:45','2018-12-06 11:13:45',0),(323,148,18,5,'2018-12-06 11:13:46','2018-12-06 11:13:46',0),(324,156,18,4,'2018-12-06 11:13:46','2018-12-06 11:13:46',0),(325,117,18,5,'2018-12-06 11:13:48','2018-12-06 11:13:48',0),(326,121,18,4,'2018-12-06 11:13:48','2018-12-06 11:13:48',0),(327,126,18,5,'2018-12-06 11:13:51','2018-12-06 11:13:51',0),(328,139,18,5,'2018-12-06 11:13:53','2018-12-06 11:13:53',0),(329,62,18,5,'2018-12-06 11:13:53','2018-12-06 11:13:53',0),(330,119,18,2,'2018-12-06 11:13:54','2018-12-06 11:13:54',0),(331,134,18,5,'2018-12-06 11:13:55','2018-12-06 11:13:55',0),(332,76,18,4,'2018-12-06 11:13:55','2018-12-06 11:13:55',0),(333,58,18,5,'2018-12-06 11:13:56','2018-12-06 11:13:56',0),(334,160,18,5,'2018-12-06 11:13:57','2018-12-06 11:13:57',0),(335,96,18,0,'2018-12-06 11:13:57','2018-12-06 11:13:57',0),(336,163,18,3,'2018-12-06 11:13:57','2018-12-06 11:13:57',0),(337,151,18,4,'2018-12-06 11:13:59','2018-12-06 11:13:59',0),(338,85,18,5,'2018-12-06 11:13:59','2018-12-06 11:13:59',0),(339,44,18,5,'2018-12-06 11:14:02','2018-12-06 11:14:02',0),(340,130,18,3,'2018-12-06 11:14:04','2018-12-06 11:14:04',0),(341,113,18,5,'2018-12-06 11:14:08','2018-12-06 11:14:08',0),(342,120,18,3,'2018-12-06 11:14:10','2018-12-06 11:14:10',0),(343,112,18,4,'2018-12-06 11:14:12','2018-12-06 11:14:12',0),(344,99,18,3,'2018-12-06 11:14:13','2018-12-06 11:14:13',0),(345,127,18,3,'2018-12-06 11:14:14','2018-12-06 11:14:14',0),(346,115,18,3,'2018-12-06 11:14:20','2018-12-06 11:14:20',0),(347,129,18,3,'2018-12-06 11:14:22','2018-12-06 11:14:22',0),(348,146,18,3,'2018-12-06 11:14:26','2018-12-06 11:14:26',0),(349,97,18,3,'2018-12-06 11:14:37','2018-12-06 11:14:37',0),(350,154,18,5,'2018-12-06 11:14:41','2018-12-06 11:14:41',0),(351,144,18,5,'2018-12-06 11:14:41','2018-12-06 11:14:41',0),(352,88,18,5,'2018-12-06 11:14:44','2018-12-06 11:14:44',0),(353,174,18,4,'2018-12-06 11:14:49','2018-12-06 11:14:49',0),(354,102,18,3,'2018-12-06 11:14:50','2018-12-06 11:14:50',0),(355,75,18,4,'2018-12-06 11:14:53','2018-12-06 11:14:53',0),(356,152,18,4,'2018-12-06 11:14:59','2018-12-06 11:14:59',0),(357,84,18,4,'2018-12-06 11:15:12','2018-12-06 11:15:12',0),(358,142,18,1,'2018-12-06 11:15:19','2018-12-06 11:15:19',0),(359,95,18,4,'2018-12-06 11:15:21','2018-12-06 11:15:21',0),(360,79,18,4,'2018-12-06 11:15:22','2018-12-06 11:15:22',0),(361,143,18,2,'2018-12-06 11:15:22','2018-12-06 11:15:22',0),(362,100,18,3,'2018-12-06 11:15:25','2018-12-06 11:15:25',0),(363,169,18,4,'2018-12-06 11:15:27','2018-12-06 11:15:27',0),(364,64,18,3,'2018-12-06 11:15:37','2018-12-06 11:15:37',0),(365,72,18,4,'2018-12-06 11:15:44','2018-12-06 11:15:44',0),(366,92,18,3,'2018-12-06 11:15:45','2018-12-06 11:15:45',0),(367,140,18,4,'2018-12-06 11:16:05','2018-12-06 11:16:05',0),(368,122,18,3,'2018-12-06 11:16:08','2018-12-06 11:16:08',0),(369,157,18,2,'2018-12-06 11:16:11','2018-12-06 11:16:11',0),(370,175,18,3,'2018-12-06 11:16:20','2018-12-06 11:16:20',0),(371,109,18,4,'2018-12-06 11:16:25','2018-12-06 11:16:25',0),(372,132,18,2,'2018-12-06 11:16:26','2018-12-06 11:16:26',0),(373,124,18,4,'2018-12-06 11:16:27','2018-12-06 11:16:27',0),(374,133,18,4,'2018-12-06 11:16:29','2018-12-06 11:16:29',0),(375,77,18,2,'2018-12-06 11:16:30','2018-12-06 11:16:30',0),(376,87,18,5,'2018-12-06 11:16:30','2018-12-06 11:16:30',0),(377,59,18,4,'2018-12-06 11:16:32','2018-12-06 11:16:32',0),(378,82,18,5,'2018-12-06 11:16:32','2018-12-06 11:16:32',0),(379,69,18,4,'2018-12-06 11:16:32','2018-12-06 11:16:32',0),(380,78,18,2,'2018-12-06 11:16:33','2018-12-06 11:16:33',0),(381,106,18,4,'2018-12-06 11:16:34','2018-12-06 11:16:34',0),(382,50,18,3,'2018-12-06 11:16:34','2018-12-06 11:16:34',0),(383,57,18,4,'2018-12-06 11:16:39','2018-12-06 11:16:39',0),(384,125,18,4,'2018-12-06 11:16:43','2018-12-06 11:16:43',0),(385,73,18,1,'2018-12-06 11:16:55','2018-12-06 11:16:55',0),(386,74,18,3,'2018-12-06 11:16:58','2018-12-06 11:16:58',0),(387,83,18,3,'2018-12-06 11:17:31','2018-12-06 11:17:31',0),(388,176,18,5,'2018-12-06 11:17:53','2018-12-06 11:17:53',0),(389,82,19,5,'2018-12-06 11:18:48','2018-12-06 11:18:48',0),(390,84,19,4,'2018-12-06 11:18:51','2018-12-06 11:18:51',0),(391,98,19,4,'2018-12-06 11:19:13','2018-12-06 11:19:13',0),(392,123,19,5,'2018-12-06 11:19:32','2018-12-06 11:19:32',0),(393,49,19,5,'2018-12-06 11:19:35','2018-12-06 11:19:35',0),(394,145,19,4,'2018-12-06 11:19:44','2018-12-06 11:19:44',0),(395,90,19,2,'2018-12-06 11:19:49','2018-12-06 11:19:49',0),(396,45,19,2,'2018-12-06 11:20:33','2018-12-06 11:20:33',0),(397,67,19,2,'2018-12-06 11:21:05','2018-12-06 11:21:05',0),(398,176,19,1,'2018-12-06 11:23:00','2018-12-06 11:23:00',0),(399,131,19,2,'2018-12-06 11:23:11','2018-12-06 11:23:11',0),(400,95,19,2,'2018-12-06 11:23:12','2018-12-06 11:23:12',0),(401,153,19,2,'2018-12-06 11:23:32','2018-12-06 11:23:32',0),(402,160,19,5,'2018-12-06 11:24:18','2018-12-06 11:24:18',0),(403,77,19,4,'2018-12-06 11:24:29','2018-12-06 11:24:29',0),(404,87,19,4,'2018-12-06 11:24:33','2018-12-06 11:24:33',0),(405,80,19,5,'2018-12-06 11:24:41','2018-12-06 11:24:41',0),(406,111,19,5,'2018-12-06 11:24:44','2018-12-06 11:24:44',0),(407,113,19,5,'2018-12-06 11:24:49','2018-12-06 11:24:49',0),(408,148,19,5,'2018-12-06 11:24:49','2018-12-06 11:24:49',0),(409,96,19,3,'2018-12-06 11:24:50','2018-12-06 11:24:50',0),(410,97,19,4,'2018-12-06 11:25:08','2018-12-06 11:25:08',0),(411,58,19,3,'2018-12-06 11:26:03','2018-12-06 11:26:03',0),(412,51,19,5,'2018-12-06 11:26:14','2018-12-06 11:26:14',0),(413,168,19,5,'2018-12-06 11:26:33','2018-12-06 11:26:33',0),(414,54,19,5,'2018-12-06 11:26:35','2018-12-06 11:26:35',0),(415,179,19,3,'2018-12-06 11:26:43','2018-12-06 11:26:43',0),(416,78,19,3,'2018-12-06 11:26:44','2018-12-06 11:26:44',0),(417,134,19,2,'2018-12-06 11:27:10','2018-12-06 11:27:10',0),(418,151,19,4,'2018-12-06 11:27:14','2018-12-06 11:27:14',0),(419,137,19,5,'2018-12-06 11:27:26','2018-12-06 11:27:26',0),(420,119,19,4,'2018-12-06 11:27:33','2018-12-06 11:27:33',0),(421,139,19,5,'2018-12-06 11:27:36','2018-12-06 11:27:36',0),(422,86,19,3,'2018-12-06 11:27:44','2018-12-06 11:27:44',0),(423,115,19,3,'2018-12-06 11:27:47','2018-12-06 11:27:47',0),(424,133,19,2,'2018-12-06 11:27:49','2018-12-06 11:27:49',0),(425,109,19,3,'2018-12-06 11:27:57','2018-12-06 11:27:57',0),(426,142,19,3,'2018-12-06 11:28:01','2018-12-06 11:28:01',0),(427,130,19,3,'2018-12-06 11:28:09','2018-12-06 11:28:09',0),(428,57,19,5,'2018-12-06 11:28:17','2018-12-06 11:28:17',0),(429,72,19,4,'2018-12-06 11:28:18','2018-12-06 11:28:18',0),(430,144,19,2,'2018-12-06 11:28:22','2018-12-06 11:28:22',0),(431,100,19,3,'2018-12-06 11:28:23','2018-12-06 11:28:23',0),(432,112,19,2,'2018-12-06 11:28:25','2018-12-06 11:28:25',0),(433,129,19,3,'2018-12-06 11:28:29','2018-12-06 11:28:29',0),(434,66,19,5,'2018-12-06 11:28:30','2018-12-06 11:28:30',0),(435,73,19,2,'2018-12-06 11:28:30','2018-12-06 11:28:30',0),(436,150,19,5,'2018-12-06 11:28:32','2018-12-06 11:28:32',0),(437,117,19,5,'2018-12-06 11:28:34','2018-12-06 11:28:34',0),(438,121,19,5,'2018-12-06 11:28:35','2018-12-06 11:28:35',0),(439,62,19,5,'2018-12-06 11:28:37','2018-12-06 11:28:37',0),(440,152,19,4,'2018-12-06 11:28:38','2018-12-06 11:28:38',0),(441,75,19,5,'2018-12-06 11:28:39','2018-12-06 11:28:39',0),(442,88,19,5,'2018-12-06 11:28:39','2018-12-06 11:28:39',0),(443,59,19,5,'2018-12-06 11:28:44','2018-12-06 11:28:44',0),(444,126,19,4,'2018-12-06 11:28:45','2018-12-06 11:28:45',0),(445,163,19,4,'2018-12-06 11:28:59','2018-12-06 11:28:59',0),(446,143,19,5,'2018-12-06 11:29:09','2018-12-06 11:29:09',0),(447,85,19,5,'2018-12-06 11:29:18','2018-12-06 11:29:18',0),(448,120,19,5,'2018-12-06 11:29:33','2018-12-06 11:29:33',0),(449,177,19,5,'2018-12-06 11:29:36','2018-12-06 11:29:36',0),(450,64,19,5,'2018-12-06 11:29:42','2018-12-06 11:29:42',0),(451,99,19,4,'2018-12-06 11:29:43','2018-12-06 11:29:43',0),(452,92,19,5,'2018-12-06 11:29:44','2018-12-06 11:29:44',0),(453,43,19,5,'2018-12-06 11:29:48','2018-12-06 11:29:48',0),(454,74,19,5,'2018-12-06 11:29:54','2018-12-06 11:29:54',0),(455,156,19,3,'2018-12-06 11:30:08','2018-12-06 11:30:08',0),(456,44,19,4,'2018-12-06 11:30:33','2018-12-06 11:30:33',0),(457,114,19,5,'2018-12-06 11:30:36','2018-12-06 11:30:36',0),(458,50,19,4,'2018-12-06 11:30:41','2018-12-06 11:30:41',0),(459,71,19,5,'2018-12-06 11:30:54','2018-12-06 11:30:54',0),(460,83,19,5,'2018-12-06 11:30:58','2018-12-06 11:30:58',0),(461,147,19,5,'2018-12-06 11:31:05','2018-12-06 11:31:05',0),(462,178,19,5,'2018-12-06 11:31:40','2018-12-06 11:31:40',0),(463,125,19,4,'2018-12-06 11:31:43','2018-12-06 11:31:43',0),(464,154,19,5,'2018-12-06 11:31:52','2018-12-06 11:31:52',0),(465,106,19,5,'2018-12-06 11:31:54','2018-12-06 11:31:54',0),(466,132,19,5,'2018-12-06 11:31:55','2018-12-06 11:31:55',0),(467,140,19,2,'2018-12-06 11:31:56','2018-12-06 11:31:56',0),(468,102,19,5,'2018-12-06 11:31:57','2018-12-06 11:31:57',0),(469,124,19,4,'2018-12-06 11:31:58','2018-12-06 11:31:58',0),(470,79,19,5,'2018-12-06 11:31:58','2018-12-06 11:31:58',0),(471,169,19,4,'2018-12-06 11:31:58','2018-12-06 11:31:58',0),(472,69,19,4,'2018-12-06 11:32:04','2018-12-06 11:32:04',0),(473,122,19,5,'2018-12-06 11:33:38','2018-12-06 11:33:38',0),(474,46,19,4,'2018-12-06 11:34:22','2018-12-06 11:34:22',0),(475,150,20,5,'2018-12-06 11:49:01','2018-12-06 11:49:01',0),(476,45,20,4,'2018-12-06 11:49:15','2018-12-06 11:49:15',0),(477,122,20,2,'2018-12-06 11:49:16','2018-12-06 11:49:16',0),(478,151,20,3,'2018-12-06 11:49:35','2018-12-06 11:49:35',0),(479,71,20,4,'2018-12-06 11:51:03','2018-12-06 11:51:03',0),(480,111,20,5,'2018-12-06 11:51:55','2018-12-06 11:51:55',0),(481,119,20,3,'2018-12-06 11:52:03','2018-12-06 11:52:03',0),(482,49,20,5,'2018-12-06 11:52:24','2018-12-06 11:52:24',0),(483,83,20,5,'2018-12-06 11:52:50','2018-12-06 11:52:50',0),(484,51,20,5,'2018-12-06 11:53:46','2018-12-06 11:53:46',0),(485,139,20,4,'2018-12-06 11:53:58','2018-12-06 11:53:58',0),(486,130,20,4,'2018-12-06 11:53:58','2018-12-06 11:53:58',0),(487,88,20,5,'2018-12-06 11:53:59','2018-12-06 11:53:59',0),(488,57,20,5,'2018-12-06 11:54:02','2018-12-06 11:54:02',0),(489,76,20,4,'2018-12-06 11:54:04','2018-12-06 11:54:04',0),(490,62,20,5,'2018-12-06 11:54:05','2018-12-06 11:54:05',0),(491,44,20,5,'2018-12-06 11:54:06','2018-12-06 11:54:06',0),(492,75,20,5,'2018-12-06 11:54:07','2018-12-06 11:54:07',0),(493,94,20,5,'2018-12-06 11:54:07','2018-12-06 11:54:07',0),(494,109,20,5,'2018-12-06 11:54:07','2018-12-06 11:54:07',0),(495,87,20,5,'2018-12-06 11:54:09','2018-12-06 11:54:09',0),(496,131,20,4,'2018-12-06 11:54:10','2018-12-06 11:54:10',0),(497,112,20,4,'2018-12-06 11:54:13','2018-12-06 11:54:13',0),(498,148,20,4,'2018-12-06 11:54:23','2018-12-06 11:54:23',0),(499,90,20,2,'2018-12-06 11:54:30','2018-12-06 11:54:30',0),(500,98,20,1,'2018-12-06 11:54:45','2018-12-06 11:54:45',0),(501,115,20,5,'2018-12-06 11:54:52','2018-12-06 11:54:52',0),(502,95,20,3,'2018-12-06 11:55:18','2018-12-06 11:55:18',0),(503,84,20,4,'2018-12-06 11:55:43','2018-12-06 11:55:43',0),(504,143,20,0,'2018-12-06 11:55:52','2018-12-06 11:55:52',0),(505,72,20,5,'2018-12-06 11:56:02','2018-12-06 11:56:02',0),(506,114,20,3,'2018-12-06 11:56:14','2018-12-06 11:56:14',0),(507,163,20,5,'2018-12-06 11:56:32','2018-12-06 11:56:32',0),(508,54,20,4,'2018-12-06 11:56:48','2018-12-06 11:56:48',0),(509,184,20,4,'2018-12-06 11:56:52','2018-12-06 11:56:52',0),(510,92,20,3,'2018-12-06 11:57:16','2018-12-06 11:57:16',0),(511,67,20,4,'2018-12-06 11:57:48','2018-12-06 11:57:48',0),(512,85,20,5,'2018-12-06 11:57:49','2018-12-06 11:57:49',0),(513,124,20,4,'2018-12-06 11:57:55','2018-12-06 11:57:55',0),(514,152,20,4,'2018-12-06 11:58:08','2018-12-06 11:58:08',0),(515,73,20,1,'2018-12-06 11:58:13','2018-12-06 11:58:13',0),(516,168,20,5,'2018-12-06 11:58:17','2018-12-06 11:58:17',0),(517,160,20,4,'2018-12-06 11:58:17','2018-12-06 11:58:17',0),(518,86,20,4,'2018-12-06 11:58:26','2018-12-06 11:58:26',0),(519,58,20,5,'2018-12-06 11:58:27','2018-12-06 11:58:27',0),(520,147,20,5,'2018-12-06 11:58:30','2018-12-06 11:58:30',0),(521,182,20,5,'2018-12-06 11:59:11','2018-12-06 11:59:11',0),(522,123,20,4,'2018-12-06 11:59:18','2018-12-06 11:59:18',0),(523,187,20,4,'2018-12-06 11:59:23','2018-12-06 11:59:23',0),(524,142,20,4,'2018-12-06 11:59:38','2018-12-06 11:59:38',0),(525,133,20,3,'2018-12-06 11:59:46','2018-12-06 11:59:46',0),(526,188,20,4,'2018-12-06 12:00:17','2018-12-06 12:00:17',0),(527,78,20,3,'2018-12-06 12:00:27','2018-12-06 12:00:27',0),(528,186,20,5,'2018-12-06 12:00:33','2018-12-06 12:00:33',0),(529,154,20,5,'2018-12-06 12:00:51','2018-12-06 12:00:51',0),(530,97,20,4,'2018-12-06 12:01:03','2018-12-06 12:01:03',0),(531,117,20,5,'2018-12-06 12:01:03','2018-12-06 12:01:03',0),(532,120,20,3,'2018-12-06 12:01:04','2018-12-06 12:01:04',0),(533,125,20,4,'2018-12-06 12:01:40','2018-12-06 12:01:40',0),(534,156,20,3,'2018-12-06 12:01:40','2018-12-06 12:01:40',0),(535,144,20,4,'2018-12-06 12:01:56','2018-12-06 12:01:56',0),(536,113,20,5,'2018-12-06 12:02:03','2018-12-06 12:02:03',0),(537,169,20,5,'2018-12-06 12:02:06','2018-12-06 12:02:06',0),(538,132,20,4,'2018-12-06 12:02:06','2018-12-06 12:02:06',0),(539,126,20,5,'2018-12-06 12:02:06','2018-12-06 12:02:06',0),(540,140,20,2,'2018-12-06 12:02:08','2018-12-06 12:02:08',0),(541,96,20,5,'2018-12-06 12:02:09','2018-12-06 12:02:09',0),(542,153,20,4,'2018-12-06 12:02:10','2018-12-06 12:02:10',0),(543,127,20,2,'2018-12-06 12:02:12','2018-12-06 12:02:12',0),(544,69,20,5,'2018-12-06 12:02:12','2018-12-06 12:02:12',0),(545,66,20,5,'2018-12-06 12:02:14','2018-12-06 12:02:14',0),(546,79,20,4,'2018-12-06 12:02:15','2018-12-06 12:02:15',0),(547,129,20,4,'2018-12-06 12:02:16','2018-12-06 12:02:16',0),(548,74,20,3,'2018-12-06 12:02:19','2018-12-06 12:02:19',0),(549,64,20,4,'2018-12-06 12:02:22','2018-12-06 12:02:22',0),(550,121,20,4,'2018-12-06 12:02:24','2018-12-06 12:02:24',0),(551,177,20,3,'2018-12-06 12:02:25','2018-12-06 12:02:25',0),(552,99,20,3,'2018-12-06 12:02:32','2018-12-06 12:02:32',0),(553,145,20,3,'2018-12-06 12:02:38','2018-12-06 12:02:38',0),(554,106,20,3,'2018-12-06 12:02:44','2018-12-06 12:02:44',0),(555,82,20,5,'2018-12-06 12:02:45','2018-12-06 12:02:45',0),(556,117,21,5,'2018-12-06 12:03:10','2018-12-06 12:03:10',0),(557,169,21,5,'2018-12-06 12:03:35','2018-12-06 12:03:35',0),(558,151,21,3,'2018-12-06 12:04:09','2018-12-06 12:04:09',0),(559,189,21,3,'2018-12-06 12:05:01','2018-12-06 12:05:01',0),(560,54,21,2,'2018-12-06 12:06:20','2018-12-06 12:06:20',0),(561,150,21,3,'2018-12-06 12:07:15','2018-12-06 12:07:15',0),(562,73,21,0,'2018-12-06 12:08:02','2018-12-06 12:08:02',0),(563,86,21,3,'2018-12-06 12:08:05','2018-12-06 12:08:05',0),(564,45,21,5,'2018-12-06 12:08:26','2018-12-06 12:08:26',0),(565,44,21,4,'2018-12-06 12:08:30','2018-12-06 12:08:30',0),(566,78,21,3,'2018-12-06 12:08:31','2018-12-06 12:08:31',0),(567,66,21,5,'2018-12-06 12:08:33','2018-12-06 12:08:33',0),(568,156,21,2,'2018-12-06 12:08:38','2018-12-06 12:08:38',0),(569,163,21,5,'2018-12-06 12:08:39','2018-12-06 12:08:39',0),(570,85,21,5,'2018-12-06 12:08:42','2018-12-06 12:08:42',0),(571,119,21,4,'2018-12-06 12:08:50','2018-12-06 12:08:50',0),(572,76,21,3,'2018-12-06 12:08:58','2018-12-06 12:08:58',0),(573,154,21,2,'2018-12-06 12:09:04','2018-12-06 12:09:04',0),(574,90,21,4,'2018-12-06 12:09:05','2018-12-06 12:09:05',0),(575,160,21,2,'2018-12-06 12:09:06','2018-12-06 12:09:06',0),(576,143,21,5,'2018-12-06 12:09:07','2018-12-06 12:09:07',0),(577,95,21,5,'2018-12-06 12:09:11','2018-12-06 12:09:11',0),(578,75,21,2,'2018-12-06 12:09:17','2018-12-06 12:09:17',0),(579,191,21,4,'2018-12-06 12:09:23','2018-12-06 12:09:23',0),(580,88,21,4,'2018-12-06 12:09:35','2018-12-06 12:09:35',0),(581,109,21,3,'2018-12-06 12:09:40','2018-12-06 12:09:40',0),(582,79,21,4,'2018-12-06 12:09:55','2018-12-06 12:09:55',0),(583,115,21,5,'2018-12-06 12:10:12','2018-12-06 12:10:12',0),(584,190,21,4,'2018-12-06 12:10:25','2018-12-06 12:10:25',0),(585,168,21,4,'2018-12-06 12:10:27','2018-12-06 12:10:27',0),(586,84,21,3,'2018-12-06 12:10:37','2018-12-06 12:10:37',0),(587,64,21,3,'2018-12-06 12:10:39','2018-12-06 12:10:39',0),(588,62,21,3,'2018-12-06 12:10:41','2018-12-06 12:10:41',0),(589,121,21,4,'2018-12-06 12:10:44','2018-12-06 12:10:44',0),(590,120,21,3,'2018-12-06 12:10:52','2018-12-06 12:10:52',0),(591,139,21,5,'2018-12-06 12:10:52','2018-12-06 12:10:52',0),(592,72,21,5,'2018-12-06 12:10:59','2018-12-06 12:10:59',0),(593,187,21,4,'2018-12-06 12:11:02','2018-12-06 12:11:02',0),(594,99,21,3,'2018-12-06 12:11:03','2018-12-06 12:11:03',0),(595,111,21,4,'2018-12-06 12:11:07','2018-12-06 12:11:07',0),(596,148,21,4,'2018-12-06 12:11:07','2018-12-06 12:11:07',0),(597,188,21,4,'2018-12-06 12:11:23','2018-12-06 12:11:23',0),(598,83,21,4,'2018-12-06 12:11:34','2018-12-06 12:11:34',0),(599,123,21,3,'2018-12-06 12:12:37','2018-12-06 12:12:37',0),(600,97,21,3,'2018-12-06 12:12:47','2018-12-06 12:12:47',0),(601,51,21,3,'2018-12-06 12:12:47','2018-12-06 12:12:47',0),(602,102,21,1,'2018-12-06 12:12:48','2018-12-06 12:12:48',0),(603,58,21,4,'2018-12-06 12:12:49','2018-12-06 12:12:49',0),(604,112,21,5,'2018-12-06 12:12:49','2018-12-06 12:12:49',0),(605,122,21,5,'2018-12-06 12:12:49','2018-12-06 12:12:49',0),(606,96,21,3,'2018-12-06 12:12:50','2018-12-06 12:12:50',0),(607,192,21,4,'2018-12-06 12:12:51','2018-12-06 12:12:51',0),(608,106,21,3,'2018-12-06 12:12:52','2018-12-06 12:12:52',0),(609,87,21,3,'2018-12-06 12:12:53','2018-12-06 12:12:53',0),(610,127,21,3,'2018-12-06 12:12:53','2018-12-06 12:12:53',0),(611,140,21,3,'2018-12-06 12:12:54','2018-12-06 12:12:54',0),(612,69,21,1,'2018-12-06 12:12:55','2018-12-06 12:12:55',0),(613,142,21,2,'2018-12-06 12:12:56','2018-12-06 12:12:56',0),(614,74,21,3,'2018-12-06 12:12:56','2018-12-06 12:12:56',0),(615,71,21,2,'2018-12-06 12:12:57','2018-12-06 12:12:57',0),(616,144,21,4,'2018-12-06 12:13:00','2018-12-06 12:13:00',0),(617,59,21,2,'2018-12-06 12:13:00','2018-12-06 12:13:00',0),(618,132,21,1,'2018-12-06 12:13:01','2018-12-06 12:13:01',0),(619,50,21,3,'2018-12-06 12:13:01','2018-12-06 12:13:01',0),(620,57,21,4,'2018-12-06 12:13:01','2018-12-06 12:13:01',0),(621,126,21,3,'2018-12-06 12:13:02','2018-12-06 12:13:02',0),(622,177,21,4,'2018-12-06 12:13:08','2018-12-06 12:13:08',0),(623,152,21,4,'2018-12-06 12:13:09','2018-12-06 12:13:09',0),(624,145,21,1,'2018-12-06 12:13:11','2018-12-06 12:13:11',0),(625,113,21,5,'2018-12-06 12:13:12','2018-12-06 12:13:12',0),(626,100,21,4,'2018-12-06 12:13:18','2018-12-06 12:13:18',0),(627,82,21,4,'2018-12-06 12:13:26','2018-12-06 12:13:26',0),(628,125,21,3,'2018-12-06 12:13:27','2018-12-06 12:13:27',0),(629,98,21,0,'2018-12-06 12:13:28','2018-12-06 12:13:28',0),(630,186,21,2,'2018-12-06 12:13:39','2018-12-06 12:13:39',0),(631,186,21,2,'2018-12-06 12:13:39','2018-12-06 12:13:39',0),(632,156,22,5,'2018-12-06 12:14:00','2018-12-06 12:14:00',0),(633,134,22,5,'2018-12-06 12:14:07','2018-12-06 12:14:07',0),(634,76,22,5,'2018-12-06 12:14:10','2018-12-06 12:14:10',0),(635,151,22,5,'2018-12-06 12:14:19','2018-12-06 12:14:19',0),(636,92,22,3,'2018-12-06 12:14:20','2018-12-06 12:14:20',0),(637,98,22,2,'2018-12-06 12:15:00','2018-12-06 12:15:00',0),(638,122,22,4,'2018-12-06 12:16:01','2018-12-06 12:16:01',0),(639,145,22,3,'2018-12-06 12:16:55','2018-12-06 12:16:55',0),(640,150,22,3,'2018-12-06 12:17:55','2018-12-06 12:17:55',0),(641,123,22,3,'2018-12-06 12:18:11','2018-12-06 12:18:11',0),(642,54,22,3,'2018-12-06 12:19:04','2018-12-06 12:19:04',0),(643,44,22,4,'2018-12-06 12:19:22','2018-12-06 12:19:22',0),(644,90,22,4,'2018-12-06 12:19:31','2018-12-06 12:19:31',0),(645,72,22,4,'2018-12-06 12:19:48','2018-12-06 12:19:48',0),(646,147,22,5,'2018-12-06 12:19:48','2018-12-06 12:19:48',0),(647,58,22,4,'2018-12-06 12:19:59','2018-12-06 12:19:59',0),(648,96,22,3,'2018-12-06 12:20:10','2018-12-06 12:20:10',0),(649,186,22,5,'2018-12-06 12:20:24','2018-12-06 12:20:24',0),(650,168,22,5,'2018-12-06 12:20:33','2018-12-06 12:20:33',0),(651,84,22,3,'2018-12-06 12:20:37','2018-12-06 12:20:37',0),(652,139,22,4,'2018-12-06 12:20:38','2018-12-06 12:20:38',0),(653,87,22,5,'2018-12-06 12:20:39','2018-12-06 12:20:39',0),(654,79,22,3,'2018-12-06 12:20:40','2018-12-06 12:20:40',0),(655,51,22,4,'2018-12-06 12:20:40','2018-12-06 12:20:40',0),(656,62,22,4,'2018-12-06 12:20:42','2018-12-06 12:20:42',0),(657,143,22,2,'2018-12-06 12:20:43','2018-12-06 12:20:43',0),(658,120,22,4,'2018-12-06 12:20:44','2018-12-06 12:20:44',0),(659,75,22,5,'2018-12-06 12:20:46','2018-12-06 12:20:46',0),(660,194,22,5,'2018-12-06 12:20:53','2018-12-06 12:20:53',0),(661,111,22,5,'2018-12-06 12:20:53','2018-12-06 12:20:53',0),(662,112,22,3,'2018-12-06 12:20:56','2018-12-06 12:20:56',0),(663,129,22,3,'2018-12-06 12:20:57','2018-12-06 12:20:57',0),(664,99,22,3,'2018-12-06 12:20:59','2018-12-06 12:20:59',0),(665,94,22,5,'2018-12-06 12:21:01','2018-12-06 12:21:01',0),(666,95,22,3,'2018-12-06 12:21:20','2018-12-06 12:21:20',0),(667,45,22,3,'2018-12-06 12:21:29','2018-12-06 12:21:29',0),(668,144,22,5,'2018-12-06 12:21:30','2018-12-06 12:21:30',0),(669,82,22,4,'2018-12-06 12:21:31','2018-12-06 12:21:31',0),(670,142,22,3,'2018-12-06 12:21:34','2018-12-06 12:21:34',0),(671,73,22,2,'2018-12-06 12:21:35','2018-12-06 12:21:35',0),(672,119,22,2,'2018-12-06 12:21:38','2018-12-06 12:21:38',0),(673,64,22,4,'2018-12-06 12:21:51','2018-12-06 12:21:51',0),(674,124,22,4,'2018-12-06 12:21:52','2018-12-06 12:21:52',0),(675,83,22,3,'2018-12-06 12:21:59','2018-12-06 12:21:59',0),(676,115,22,4,'2018-12-06 12:21:59','2018-12-06 12:21:59',0),(677,77,22,5,'2018-12-06 12:22:09','2018-12-06 12:22:09',0),(678,154,22,4,'2018-12-06 12:22:23','2018-12-06 12:22:23',0),(679,140,22,4,'2018-12-06 12:22:25','2018-12-06 12:22:25',0),(680,88,22,4,'2018-12-06 12:22:31','2018-12-06 12:22:31',0),(681,117,22,4,'2018-12-06 12:22:37','2018-12-06 12:22:37',0),(682,163,22,3,'2018-12-06 12:22:43','2018-12-06 12:22:43',0),(683,97,22,2,'2018-12-06 12:22:44','2018-12-06 12:22:44',0),(684,109,22,4,'2018-12-06 12:22:48','2018-12-06 12:22:48',0),(685,195,22,5,'2018-12-06 12:22:50','2018-12-06 12:22:50',0),(686,66,22,5,'2018-12-06 12:22:52','2018-12-06 12:22:52',0),(687,102,22,3,'2018-12-06 12:22:53','2018-12-06 12:22:53',0),(688,106,22,2,'2018-12-06 12:22:54','2018-12-06 12:22:54',0),(689,187,22,4,'2018-12-06 12:22:54','2018-12-06 12:22:54',0),(690,126,22,5,'2018-12-06 12:22:57','2018-12-06 12:22:57',0),(691,86,22,4,'2018-12-06 12:23:00','2018-12-06 12:23:00',0),(692,69,22,2,'2018-12-06 12:23:01','2018-12-06 12:23:01',0),(693,125,22,3,'2018-12-06 12:23:01','2018-12-06 12:23:01',0),(694,152,22,4,'2018-12-06 12:23:03','2018-12-06 12:23:03',0),(695,74,22,2,'2018-12-06 12:23:03','2018-12-06 12:23:03',0),(696,160,22,4,'2018-12-06 12:23:07','2018-12-06 12:23:07',0),(697,57,22,4,'2018-12-06 12:23:14','2018-12-06 12:23:14',0),(698,188,22,5,'2018-12-06 12:23:22','2018-12-06 12:23:22',0),(699,121,23,4,'2018-12-06 12:24:54','2018-12-06 12:24:54',0),(700,186,23,5,'2018-12-06 12:25:29','2018-12-06 12:25:29',0),(701,77,23,5,'2018-12-06 12:25:45','2018-12-06 12:25:45',0),(702,134,23,5,'2018-12-06 12:25:47','2018-12-06 12:25:47',0),(703,156,23,2,'2018-12-06 12:26:18','2018-12-06 12:26:18',0),(704,92,23,3,'2018-12-06 12:26:49','2018-12-06 12:26:49',0),(705,177,23,0,'2018-12-06 12:27:07','2018-12-06 12:27:07',0),(706,71,23,0,'2018-12-06 12:27:55','2018-12-06 12:27:55',0),(707,111,23,4,'2018-12-06 12:28:14','2018-12-06 12:28:14',0),(708,148,23,3,'2018-12-06 12:28:43','2018-12-06 12:28:43',0),(709,109,23,2,'2018-12-06 12:29:01','2018-12-06 12:29:01',0),(710,84,23,5,'2018-12-06 12:29:09','2018-12-06 12:29:09',0),(711,94,23,3,'2018-12-06 12:29:28','2018-12-06 12:29:28',0),(712,96,23,5,'2018-12-06 12:29:33','2018-12-06 12:29:33',0),(713,44,23,4,'2018-12-06 12:29:44','2018-12-06 12:29:44',0),(714,147,23,5,'2018-12-06 12:30:12','2018-12-06 12:30:12',0),(715,49,23,5,'2018-12-06 12:31:22','2018-12-06 12:31:22',0),(716,122,23,5,'2018-12-06 12:31:24','2018-12-06 12:31:24',0),(717,151,23,5,'2018-12-06 12:31:27','2018-12-06 12:31:27',0),(718,74,23,5,'2018-12-06 12:31:33','2018-12-06 12:31:33',0),(719,85,23,4,'2018-12-06 12:31:37','2018-12-06 12:31:37',0),(720,100,23,4,'2018-12-06 12:31:40','2018-12-06 12:31:40',0),(721,119,23,4,'2018-12-06 12:31:40','2018-12-06 12:31:40',0),(722,125,23,2,'2018-12-06 12:31:42','2018-12-06 12:31:42',0),(723,126,23,4,'2018-12-06 12:31:51','2018-12-06 12:31:51',0),(724,90,23,4,'2018-12-06 12:31:51','2018-12-06 12:31:51',0),(725,145,23,2,'2018-12-06 12:31:52','2018-12-06 12:31:52',0),(726,62,23,4,'2018-12-06 12:31:55','2018-12-06 12:31:55',0),(727,112,23,2,'2018-12-06 12:32:04','2018-12-06 12:32:04',0),(728,99,23,3,'2018-12-06 12:32:18','2018-12-06 12:32:18',0),(729,139,23,2,'2018-12-06 12:32:22','2018-12-06 12:32:22',0),(730,124,23,4,'2018-12-06 12:32:26','2018-12-06 12:32:26',0),(731,83,23,4,'2018-12-06 12:32:51','2018-12-06 12:32:51',0),(732,188,23,3,'2018-12-06 12:32:53','2018-12-06 12:32:53',0),(733,150,23,1,'2018-12-06 12:32:53','2018-12-06 12:32:53',0),(734,97,23,2,'2018-12-06 12:33:04','2018-12-06 12:33:04',0),(735,66,23,3,'2018-12-06 12:33:09','2018-12-06 12:33:09',0),(736,78,23,3,'2018-12-06 12:33:10','2018-12-06 12:33:10',0),(737,72,23,3,'2018-12-06 12:33:26','2018-12-06 12:33:26',0),(738,123,23,3,'2018-12-06 12:33:38','2018-12-06 12:33:38',0),(739,95,23,0,'2018-12-06 12:33:41','2018-12-06 12:33:41',0),(740,143,23,1,'2018-12-06 12:33:43','2018-12-06 12:33:43',0),(741,54,23,2,'2018-12-06 12:34:35','2018-12-06 12:34:35',0),(742,51,23,3,'2018-12-06 12:35:05','2018-12-06 12:35:05',0),(743,197,23,3,'2018-12-06 12:35:11','2018-12-06 12:35:11',0),(744,58,23,3,'2018-12-06 12:35:21','2018-12-06 12:35:21',0),(745,117,23,0,'2018-12-06 12:35:21','2018-12-06 12:35:21',0),(746,163,23,2,'2018-12-06 12:35:23','2018-12-06 12:35:23',0),(747,88,23,4,'2018-12-06 12:35:24','2018-12-06 12:35:24',0),(748,152,23,2,'2018-12-06 12:35:24','2018-12-06 12:35:24',0),(749,45,23,0,'2018-12-06 12:35:26','2018-12-06 12:35:26',0),(750,154,23,3,'2018-12-06 12:35:26','2018-12-06 12:35:26',0),(751,140,23,4,'2018-12-06 12:35:27','2018-12-06 12:35:27',0),(752,79,23,3,'2018-12-06 12:35:31','2018-12-06 12:35:31',0),(753,187,23,4,'2018-12-06 12:35:32','2018-12-06 12:35:32',0),(754,98,23,4,'2018-12-06 12:35:34','2018-12-06 12:35:34',0),(755,132,23,2,'2018-12-06 12:35:34','2018-12-06 12:35:34',0),(756,75,23,3,'2018-12-06 12:35:36','2018-12-06 12:35:36',0),(757,106,23,3,'2018-12-06 12:35:38','2018-12-06 12:35:38',0),(758,196,23,3,'2018-12-06 12:35:42','2018-12-06 12:35:42',0),(759,69,23,1,'2018-12-06 12:35:43','2018-12-06 12:35:43',0),(760,50,23,1,'2018-12-06 12:35:45','2018-12-06 12:35:45',0),(761,142,23,0,'2018-12-06 12:35:46','2018-12-06 12:35:46',0),(762,131,23,5,'2018-12-06 12:35:47','2018-12-06 12:35:47',0),(763,120,23,2,'2018-12-06 12:35:48','2018-12-06 12:35:48',0),(764,169,23,2,'2018-12-06 12:35:52','2018-12-06 12:35:52',0),(765,129,23,1,'2018-12-06 12:35:53','2018-12-06 12:35:53',0),(766,144,23,2,'2018-12-06 12:35:55','2018-12-06 12:35:55',0),(767,160,23,2,'2018-12-06 12:35:57','2018-12-06 12:35:57',0),(768,87,23,2,'2018-12-06 12:36:10','2018-12-06 12:36:10',0),(769,73,23,0,'2018-12-06 12:36:18','2018-12-06 12:36:18',0),(770,191,23,0,'2018-12-06 12:36:19','2018-12-06 12:36:19',0),(771,64,23,1,'2018-12-06 12:36:19','2018-12-06 12:36:19',0),(772,102,23,1,'2018-12-06 12:36:23','2018-12-06 12:36:23',0),(773,168,23,4,'2018-12-06 12:36:41','2018-12-06 12:36:41',0),(774,111,24,5,'2018-12-06 12:36:51','2018-12-06 12:36:51',0),(775,148,24,5,'2018-12-06 12:37:00','2018-12-06 12:37:00',0),(776,71,24,5,'2018-12-06 12:37:03','2018-12-06 12:37:03',0),(777,86,24,1,'2018-12-06 12:37:09','2018-12-06 12:37:09',0),(778,169,24,5,'2018-12-06 12:37:28','2018-12-06 12:37:28',0),(779,168,24,5,'2018-12-06 12:38:01','2018-12-06 12:38:01',0),(780,131,24,3,'2018-12-06 12:38:38','2018-12-06 12:38:38',0),(781,145,24,5,'2018-12-06 12:38:55','2018-12-06 12:38:55',0),(782,94,24,5,'2018-12-06 12:39:40','2018-12-06 12:39:40',0),(783,87,24,1,'2018-12-06 12:40:05','2018-12-06 12:40:05',0),(784,186,24,4,'2018-12-06 12:40:31','2018-12-06 12:40:31',0),(785,189,24,5,'2018-12-06 12:40:51','2018-12-06 12:40:51',0),(786,78,24,3,'2018-12-06 12:41:36','2018-12-06 12:41:36',0),(787,92,24,4,'2018-12-06 12:41:51','2018-12-06 12:41:51',0),(788,191,24,1,'2018-12-06 12:41:59','2018-12-06 12:41:59',0),(789,156,24,3,'2018-12-06 12:42:00','2018-12-06 12:42:00',0),(790,122,24,5,'2018-12-06 12:42:47','2018-12-06 12:42:47',0),(791,51,24,5,'2018-12-06 12:44:20','2018-12-06 12:44:20',0),(792,72,24,5,'2018-12-06 12:44:30','2018-12-06 12:44:30',0),(793,73,24,3,'2018-12-06 12:44:32','2018-12-06 12:44:32',0),(794,45,24,5,'2018-12-06 12:44:33','2018-12-06 12:44:33',0),(795,54,24,2,'2018-12-06 12:44:34','2018-12-06 12:44:34',0),(796,62,24,5,'2018-12-06 12:44:38','2018-12-06 12:44:38',0),(797,154,24,5,'2018-12-06 12:44:39','2018-12-06 12:44:39',0),(798,44,24,5,'2018-12-06 12:44:40','2018-12-06 12:44:40',0),(799,85,24,4,'2018-12-06 12:44:53','2018-12-06 12:44:53',0),(800,188,24,5,'2018-12-06 12:44:54','2018-12-06 12:44:54',0),(801,123,24,4,'2018-12-06 12:45:04','2018-12-06 12:45:04',0),(802,125,24,4,'2018-12-06 12:45:13','2018-12-06 12:45:13',0),(803,147,24,5,'2018-12-06 12:45:16','2018-12-06 12:45:16',0),(804,177,24,5,'2018-12-06 12:45:18','2018-12-06 12:45:18',0),(805,160,24,5,'2018-12-06 12:45:21','2018-12-06 12:45:21',0),(806,49,24,5,'2018-12-06 12:45:21','2018-12-06 12:45:21',0),(807,140,24,5,'2018-12-06 12:45:22','2018-12-06 12:45:22',0),(808,112,24,3,'2018-12-06 12:45:27','2018-12-06 12:45:27',0),(809,67,24,4,'2018-12-06 12:45:27','2018-12-06 12:45:27',0),(810,121,24,5,'2018-12-06 12:45:28','2018-12-06 12:45:28',0),(811,198,24,5,'2018-12-06 12:45:33','2018-12-06 12:45:33',0),(812,83,24,5,'2018-12-06 12:45:34','2018-12-06 12:45:34',0),(813,88,24,5,'2018-12-06 12:45:44','2018-12-06 12:45:44',0),(814,77,24,4,'2018-12-06 12:45:48','2018-12-06 12:45:48',0),(815,199,24,5,'2018-12-06 12:45:51','2018-12-06 12:45:51',0),(816,152,24,4,'2018-12-06 12:45:57','2018-12-06 12:45:57',0),(817,96,24,5,'2018-12-06 12:46:15','2018-12-06 12:46:15',0),(818,57,24,4,'2018-12-06 12:46:17','2018-12-06 12:46:17',0),(819,143,24,4,'2018-12-06 12:46:21','2018-12-06 12:46:21',0),(820,200,24,5,'2018-12-06 12:46:26','2018-12-06 12:46:26',0),(821,95,24,4,'2018-12-06 12:46:42','2018-12-06 12:46:42',0),(822,74,24,5,'2018-12-06 12:46:47','2018-12-06 12:46:47',0),(823,163,24,2,'2018-12-06 12:46:49','2018-12-06 12:46:49',0),(824,84,24,5,'2018-12-06 12:47:00','2018-12-06 12:47:00',0),(825,201,24,5,'2018-12-06 12:47:10','2018-12-06 12:47:10',0),(826,139,24,3,'2018-12-06 12:47:16','2018-12-06 12:47:16',0),(827,98,24,3,'2018-12-06 12:47:21','2018-12-06 12:47:21',0),(828,97,24,5,'2018-12-06 12:47:28','2018-12-06 12:47:28',0),(829,120,24,5,'2018-12-06 12:47:33','2018-12-06 12:47:33',0),(830,64,24,5,'2018-12-06 12:48:06','2018-12-06 12:48:06',0),(831,99,24,3,'2018-12-06 12:48:08','2018-12-06 12:48:08',0),(832,113,24,4,'2018-12-06 12:48:11','2018-12-06 12:48:11',0),(833,142,24,3,'2018-12-06 12:48:23','2018-12-06 12:48:23',0),(834,117,24,4,'2018-12-06 12:48:48','2018-12-06 12:48:48',0),(835,124,24,4,'2018-12-06 12:49:38','2018-12-06 12:49:38',0),(836,129,24,5,'2018-12-06 12:49:41','2018-12-06 12:49:41',0),(837,144,24,5,'2018-12-06 12:49:45','2018-12-06 12:49:45',0),(838,76,24,4,'2018-12-06 12:49:48','2018-12-06 12:49:48',0),(839,79,24,5,'2018-12-06 12:49:49','2018-12-06 12:49:49',0),(840,132,24,3,'2018-12-06 12:49:50','2018-12-06 12:49:50',0),(841,202,24,5,'2018-12-06 12:49:51','2018-12-06 12:49:51',0),(842,115,24,5,'2018-12-06 12:49:51','2018-12-06 12:49:51',0),(843,66,24,5,'2018-12-06 12:49:52','2018-12-06 12:49:52',0),(844,106,24,4,'2018-12-06 12:49:53','2018-12-06 12:49:53',0),(845,50,24,4,'2018-12-06 12:49:53','2018-12-06 12:49:53',0),(846,133,24,5,'2018-12-06 12:49:55','2018-12-06 12:49:55',0),(847,59,24,5,'2018-12-06 12:49:57','2018-12-06 12:49:57',0),(848,126,24,5,'2018-12-06 12:49:58','2018-12-06 12:49:58',0),(849,69,24,4,'2018-12-06 12:50:01','2018-12-06 12:50:01',0),(850,187,24,3,'2018-12-06 12:50:02','2018-12-06 12:50:02',0),(851,119,24,4,'2018-12-06 12:50:02','2018-12-06 12:50:02',0),(852,75,24,5,'2018-12-06 12:50:03','2018-12-06 12:50:03',0),(853,146,24,5,'2018-12-06 12:50:04','2018-12-06 12:50:04',0),(854,102,24,4,'2018-12-06 12:50:08','2018-12-06 12:50:08',0),(855,150,24,4,'2018-12-06 12:50:18','2018-12-06 12:50:18',0),(856,110,25,5,'2018-12-06 12:51:00','2018-12-06 12:51:00',0),(857,94,25,5,'2018-12-06 12:51:13','2018-12-06 12:51:13',0),(858,86,25,4,'2018-12-06 12:51:28','2018-12-06 12:51:28',0),(859,176,25,3,'2018-12-06 12:51:32','2018-12-06 12:51:32',0),(860,145,25,3,'2018-12-06 12:51:38','2018-12-06 12:51:38',0),(861,191,25,5,'2018-12-06 12:52:18','2018-12-06 12:52:18',0),(862,78,25,5,'2018-12-06 12:53:17','2018-12-06 12:53:17',0),(863,160,25,5,'2018-12-06 12:53:17','2018-12-06 12:53:17',0),(864,76,25,4,'2018-12-06 12:53:50','2018-12-06 12:53:50',0),(865,186,25,3,'2018-12-06 12:53:56','2018-12-06 12:53:56',0),(866,156,25,1,'2018-12-06 12:54:00','2018-12-06 12:54:00',0),(867,77,25,2,'2018-12-06 12:54:13','2018-12-06 12:54:13',0),(868,95,25,2,'2018-12-06 12:54:23','2018-12-06 12:54:23',0),(869,201,25,5,'2018-12-06 12:54:30','2018-12-06 12:54:30',0),(870,123,25,5,'2018-12-06 12:54:36','2018-12-06 12:54:36',0),(871,142,25,0,'2018-12-06 12:54:50','2018-12-06 12:54:50',0),(872,45,25,4,'2018-12-06 12:55:16','2018-12-06 12:55:16',0),(873,73,25,2,'2018-12-06 12:55:25','2018-12-06 12:55:25',0),(874,44,25,5,'2018-12-06 12:55:26','2018-12-06 12:55:26',0),(875,90,25,3,'2018-12-06 12:55:26','2018-12-06 12:55:26',0),(876,84,25,4,'2018-12-06 12:55:30','2018-12-06 12:55:30',0),(877,67,25,3,'2018-12-06 12:55:33','2018-12-06 12:55:33',0),(878,125,25,4,'2018-12-06 12:55:39','2018-12-06 12:55:39',0),(879,106,25,4,'2018-12-06 12:55:40','2018-12-06 12:55:40',0),(880,121,25,4,'2018-12-06 12:55:40','2018-12-06 12:55:40',0),(881,129,25,4,'2018-12-06 12:55:47','2018-12-06 12:55:47',0),(882,139,25,2,'2018-12-06 12:56:20','2018-12-06 12:56:20',0),(883,72,25,5,'2018-12-06 12:56:24','2018-12-06 12:56:24',0),(884,113,25,5,'2018-12-06 12:56:37','2018-12-06 12:56:37',0),(885,51,25,4,'2018-12-06 12:57:01','2018-12-06 12:57:01',0),(886,150,25,3,'2018-12-06 12:57:03','2018-12-06 12:57:03',0),(887,62,25,4,'2018-12-06 12:57:04','2018-12-06 12:57:04',0),(888,168,25,5,'2018-12-06 12:57:17','2018-12-06 12:57:17',0),(889,204,25,4,'2018-12-06 12:57:24','2018-12-06 12:57:24',0),(890,66,25,4,'2018-12-06 12:58:02','2018-12-06 12:58:02',0),(891,143,25,3,'2018-12-06 12:58:14','2018-12-06 12:58:14',0),(892,120,25,3,'2018-12-06 12:58:19','2018-12-06 12:58:19',0),(893,92,25,5,'2018-12-06 12:58:28','2018-12-06 12:58:28',0),(894,85,25,4,'2018-12-06 12:58:51','2018-12-06 12:58:51',0),(895,99,25,1,'2018-12-06 12:59:10','2018-12-06 12:59:10',0),(896,97,25,2,'2018-12-06 12:59:18','2018-12-06 12:59:18',0),(897,203,25,4,'2018-12-06 12:59:22','2018-12-06 12:59:22',0),(898,54,25,4,'2018-12-06 12:59:26','2018-12-06 12:59:26',0),(899,74,25,4,'2018-12-06 12:59:32','2018-12-06 12:59:32',0),(900,88,25,4,'2018-12-06 12:59:53','2018-12-06 12:59:53',0),(901,75,25,4,'2018-12-06 13:00:08','2018-12-06 13:00:08',0),(902,154,25,4,'2018-12-06 13:00:31','2018-12-06 13:00:31',0),(903,163,25,1,'2018-12-06 13:00:32','2018-12-06 13:00:32',0),(904,205,25,1,'2018-12-06 13:00:41','2018-12-06 13:00:41',0),(905,111,25,4,'2018-12-06 13:00:44','2018-12-06 13:00:44',0),(906,152,25,5,'2018-12-06 13:00:58','2018-12-06 13:00:58',0),(907,71,25,3,'2018-12-06 13:01:23','2018-12-06 13:01:23',0),(908,122,25,4,'2018-12-06 13:01:41','2018-12-06 13:01:41',0),(909,144,25,4,'2018-12-06 13:02:02','2018-12-06 13:02:02',0),(910,146,25,4,'2018-12-06 13:02:04','2018-12-06 13:02:04',0),(911,119,25,2,'2018-12-06 13:02:16','2018-12-06 13:02:16',0),(912,98,25,0,'2018-12-06 13:02:34','2018-12-06 13:02:34',0),(913,112,25,4,'2018-12-06 13:02:50','2018-12-06 13:02:50',0),(914,64,25,4,'2018-12-06 13:02:52','2018-12-06 13:02:52',0),(915,109,25,5,'2018-12-06 13:03:08','2018-12-06 13:03:08',0),(916,206,25,5,'2018-12-06 13:03:30','2018-12-06 13:03:30',0),(917,140,25,4,'2018-12-06 13:03:42','2018-12-06 13:03:42',0),(918,148,25,5,'2018-12-06 13:03:52','2018-12-06 13:03:52',0),(919,49,25,4,'2018-12-06 13:03:52','2018-12-06 13:03:52',0),(920,132,25,5,'2018-12-06 13:03:52','2018-12-06 13:03:52',0),(921,69,25,1,'2018-12-06 13:03:54','2018-12-06 13:03:54',0),(922,96,25,2,'2018-12-06 13:03:55','2018-12-06 13:03:55',0),(923,147,25,5,'2018-12-06 13:03:58','2018-12-06 13:03:58',0),(924,187,25,4,'2018-12-06 13:04:01','2018-12-06 13:04:01',0),(925,50,25,4,'2018-12-06 13:04:03','2018-12-06 13:04:03',0),(926,57,25,4,'2018-12-06 13:04:06','2018-12-06 13:04:06',0),(927,102,25,0,'2018-12-06 13:04:11','2018-12-06 13:04:11',0),(928,126,25,4,'2018-12-06 13:04:14','2018-12-06 13:04:14',0),(929,169,25,2,'2018-12-06 13:04:15','2018-12-06 13:04:15',0),(930,79,25,5,'2018-12-06 13:04:17','2018-12-06 13:04:17',0),(931,58,25,5,'2018-12-06 13:04:27','2018-12-06 13:04:27',0),(932,207,25,5,'2018-12-06 13:04:41','2018-12-06 13:04:41',0),(933,150,26,5,'2018-12-06 13:05:09','2018-12-06 13:05:09',0),(934,208,26,5,'2018-12-06 13:05:28','2018-12-06 13:05:28',0),(935,145,26,4,'2018-12-06 13:05:34','2018-12-06 13:05:34',0),(936,156,26,1,'2018-12-06 13:06:10','2018-12-06 13:06:10',0),(937,191,26,5,'2018-12-06 13:06:38','2018-12-06 13:06:38',0),(938,96,26,5,'2018-12-06 13:07:17','2018-12-06 13:07:17',0),(939,122,26,3,'2018-12-06 13:07:56','2018-12-06 13:07:56',0),(940,98,26,0,'2018-12-06 13:08:34','2018-12-06 13:08:34',0),(941,78,26,5,'2018-12-06 13:08:58','2018-12-06 13:08:58',0),(942,44,26,5,'2018-12-06 13:10:00','2018-12-06 13:10:00',0),(943,109,26,5,'2018-12-06 13:10:15','2018-12-06 13:10:15',0),(944,94,26,5,'2018-12-06 13:10:28','2018-12-06 13:10:28',0),(945,73,26,3,'2018-12-06 13:10:34','2018-12-06 13:10:34',0),(946,87,26,5,'2018-12-06 13:10:35','2018-12-06 13:10:35',0),(947,110,26,5,'2018-12-06 13:10:37','2018-12-06 13:10:37',0),(948,154,26,5,'2018-12-06 13:10:38','2018-12-06 13:10:38',0),(949,168,26,5,'2018-12-06 13:10:40','2018-12-06 13:10:40',0),(950,86,26,5,'2018-12-06 13:10:41','2018-12-06 13:10:41',0),(951,177,26,4,'2018-12-06 13:10:42','2018-12-06 13:10:42',0),(952,160,26,5,'2018-12-06 13:10:42','2018-12-06 13:10:42',0),(953,66,26,5,'2018-12-06 13:10:44','2018-12-06 13:10:44',0),(954,139,26,5,'2018-12-06 13:10:44','2018-12-06 13:10:44',0),(955,144,26,5,'2018-12-06 13:10:45','2018-12-06 13:10:45',0),(956,62,26,5,'2018-12-06 13:10:46','2018-12-06 13:10:46',0),(957,100,26,5,'2018-12-06 13:10:47','2018-12-06 13:10:47',0),(958,186,26,3,'2018-12-06 13:10:51','2018-12-06 13:10:51',0),(959,84,26,5,'2018-12-06 13:10:55','2018-12-06 13:10:55',0),(960,97,26,5,'2018-12-06 13:11:00','2018-12-06 13:11:00',0),(961,95,26,2,'2018-12-06 13:11:00','2018-12-06 13:11:00',0),(962,188,26,4,'2018-12-06 13:11:12','2018-12-06 13:11:12',0),(963,92,26,4,'2018-12-06 13:11:15','2018-12-06 13:11:15',0),(964,83,26,5,'2018-12-06 13:11:22','2018-12-06 13:11:22',0),(965,146,26,4,'2018-12-06 13:11:23','2018-12-06 13:11:23',0),(966,209,26,4,'2018-12-06 13:11:25','2018-12-06 13:11:25',0),(967,123,26,3,'2018-12-06 13:11:32','2018-12-06 13:11:32',0),(968,67,26,5,'2018-12-06 13:11:35','2018-12-06 13:11:35',0),(969,120,26,4,'2018-12-06 13:11:39','2018-12-06 13:11:39',0),(970,88,26,5,'2018-12-06 13:11:42','2018-12-06 13:11:42',0),(971,125,26,4,'2018-12-06 13:12:15','2018-12-06 13:12:15',0),(972,51,26,4,'2018-12-06 13:12:23','2018-12-06 13:12:23',0),(973,206,26,4,'2018-12-06 13:12:27','2018-12-06 13:12:27',0),(974,54,26,2,'2018-12-06 13:13:16','2018-12-06 13:13:16',0),(975,117,26,2,'2018-12-06 13:13:21','2018-12-06 13:13:21',0),(976,112,26,2,'2018-12-06 13:13:38','2018-12-06 13:13:38',0),(977,131,26,4,'2018-12-06 13:13:38','2018-12-06 13:13:38',0),(978,115,26,4,'2018-12-06 13:13:45','2018-12-06 13:13:45',0),(979,75,26,4,'2018-12-06 13:13:51','2018-12-06 13:13:51',0),(980,151,26,4,'2018-12-06 13:13:57','2018-12-06 13:13:57',0),(981,64,26,3,'2018-12-06 13:14:11','2018-12-06 13:14:11',0),(982,111,26,3,'2018-12-06 13:14:13','2018-12-06 13:14:13',0),(983,58,26,4,'2018-12-06 13:14:32','2018-12-06 13:14:32',0),(984,74,26,4,'2018-12-06 13:14:40','2018-12-06 13:14:40',0),(985,99,26,3,'2018-12-06 13:14:43','2018-12-06 13:14:43',0),(986,90,26,4,'2018-12-06 13:14:50','2018-12-06 13:14:50',0),(987,129,26,3,'2018-12-06 13:15:10','2018-12-06 13:15:10',0),(988,140,26,3,'2018-12-06 13:15:13','2018-12-06 13:15:13',0),(989,153,26,5,'2018-12-06 13:15:18','2018-12-06 13:15:18',0),(990,210,26,4,'2018-12-06 13:15:42','2018-12-06 13:15:42',0),(991,71,26,2,'2018-12-06 13:15:44','2018-12-06 13:15:44',0),(992,72,26,4,'2018-12-06 13:15:45','2018-12-06 13:15:45',0),(993,121,26,5,'2018-12-06 13:15:47','2018-12-06 13:15:47',0),(994,132,26,4,'2018-12-06 13:15:48','2018-12-06 13:15:48',0),(995,57,26,5,'2018-12-06 13:15:48','2018-12-06 13:15:48',0),(996,45,26,4,'2018-12-06 13:15:49','2018-12-06 13:15:49',0),(997,50,26,3,'2018-12-06 13:15:49','2018-12-06 13:15:49',0),(998,69,26,1,'2018-12-06 13:15:49','2018-12-06 13:15:49',0),(999,187,26,3,'2018-12-06 13:15:50','2018-12-06 13:15:50',0),(1000,201,26,5,'2018-12-06 13:15:50','2018-12-06 13:15:50',0),(1001,142,26,2,'2018-12-06 13:15:52','2018-12-06 13:15:52',0),(1002,79,26,5,'2018-12-06 13:15:53','2018-12-06 13:15:53',0),(1003,102,26,4,'2018-12-06 13:15:55','2018-12-06 13:15:55',0),(1004,143,26,4,'2018-12-06 13:15:55','2018-12-06 13:15:55',0),(1005,163,26,2,'2018-12-06 13:15:56','2018-12-06 13:15:56',0),(1006,147,26,3,'2018-12-06 13:15:57','2018-12-06 13:15:57',0),(1007,85,26,4,'2018-12-06 13:15:57','2018-12-06 13:15:57',0),(1008,126,26,3,'2018-12-06 13:16:00','2018-12-06 13:16:00',0),(1009,152,26,5,'2018-12-06 13:16:24','2018-12-06 13:16:24',0),(1010,124,26,5,'2018-12-06 13:16:30','2018-12-06 13:16:30',0),(1011,106,27,3,'2018-12-06 13:16:44','2018-12-06 13:16:44',0),(1012,191,27,5,'2018-12-06 13:17:07','2018-12-06 13:17:07',0),(1013,145,27,5,'2018-12-06 13:17:17','2018-12-06 13:17:17',0),(1014,92,27,3,'2018-12-06 13:18:07','2018-12-06 13:18:07',0),(1015,150,27,3,'2018-12-06 13:19:14','2018-12-06 13:19:14',0),(1016,124,27,5,'2018-12-06 13:21:02','2018-12-06 13:21:02',0),(1017,110,27,5,'2018-12-06 13:21:17','2018-12-06 13:21:17',0),(1018,109,27,5,'2018-12-06 13:21:25','2018-12-06 13:21:25',0),(1019,58,27,5,'2018-12-06 13:22:22','2018-12-06 13:22:22',0),(1020,148,27,3,'2018-12-06 13:22:39','2018-12-06 13:22:39',0),(1021,84,27,4,'2018-12-06 13:22:59','2018-12-06 13:22:59',0),(1022,73,27,1,'2018-12-06 13:23:00','2018-12-06 13:23:00',0),(1023,139,27,2,'2018-12-06 13:23:00','2018-12-06 13:23:00',0),(1024,169,27,5,'2018-12-06 13:23:01','2018-12-06 13:23:01',0),(1025,98,27,1,'2018-12-06 13:23:02','2018-12-06 13:23:02',0),(1026,125,27,3,'2018-12-06 13:23:08','2018-12-06 13:23:08',0),(1027,96,27,3,'2018-12-06 13:23:10','2018-12-06 13:23:10',0),(1028,113,27,5,'2018-12-06 13:23:12','2018-12-06 13:23:12',0),(1029,115,27,5,'2018-12-06 13:23:16','2018-12-06 13:23:16',0),(1030,123,27,3,'2018-12-06 13:23:17','2018-12-06 13:23:17',0),(1031,129,27,3,'2018-12-06 13:23:18','2018-12-06 13:23:18',0),(1032,119,27,3,'2018-12-06 13:23:21','2018-12-06 13:23:21',0),(1033,154,27,4,'2018-12-06 13:23:28','2018-12-06 13:23:28',0),(1034,99,27,4,'2018-12-06 13:23:33','2018-12-06 13:23:33',0),(1035,62,27,4,'2018-12-06 13:23:33','2018-12-06 13:23:33',0),(1036,97,27,3,'2018-12-06 13:24:14','2018-12-06 13:24:14',0),(1037,176,27,5,'2018-12-06 13:24:25','2018-12-06 13:24:25',0),(1038,186,27,3,'2018-12-06 13:24:25','2018-12-06 13:24:25',0),(1039,153,27,2,'2018-12-06 13:24:35','2018-12-06 13:24:35',0),(1040,142,27,3,'2018-12-06 13:24:52','2018-12-06 13:24:52',0),(1041,160,27,5,'2018-12-06 13:24:53','2018-12-06 13:24:53',0),(1042,86,27,4,'2018-12-06 13:24:53','2018-12-06 13:24:53',0),(1043,120,27,3,'2018-12-06 13:25:04','2018-12-06 13:25:04',0),(1044,112,27,4,'2018-12-06 13:25:26','2018-12-06 13:25:26',0),(1045,151,27,3,'2018-12-06 13:25:31','2018-12-06 13:25:31',0),(1046,85,27,3,'2018-12-06 13:25:38','2018-12-06 13:25:38',0),(1047,54,27,3,'2018-12-06 13:25:50','2018-12-06 13:25:50',0),(1048,187,27,2,'2018-12-06 13:26:05','2018-12-06 13:26:05',0),(1049,75,27,4,'2018-12-06 13:26:39','2018-12-06 13:26:39',0),(1050,121,27,3,'2018-12-06 13:27:01','2018-12-06 13:27:01',0),(1051,95,27,2,'2018-12-06 13:27:06','2018-12-06 13:27:06',0),(1052,163,27,3,'2018-12-06 13:28:03','2018-12-06 13:28:03',0),(1053,213,27,3,'2018-12-06 13:28:05','2018-12-06 13:28:05',0),(1054,152,27,4,'2018-12-06 13:28:13','2018-12-06 13:28:13',0),(1055,79,27,5,'2018-12-06 13:28:15','2018-12-06 13:28:15',0),(1056,214,27,5,'2018-12-06 13:28:16','2018-12-06 13:28:16',0),(1057,50,27,2,'2018-12-06 13:28:21','2018-12-06 13:28:21',0),(1058,78,27,5,'2018-12-06 13:28:21','2018-12-06 13:28:21',0),(1059,117,27,1,'2018-12-06 13:28:23','2018-12-06 13:28:23',0),(1060,44,27,3,'2018-12-06 13:28:24','2018-12-06 13:28:24',0),(1061,156,27,1,'2018-12-06 13:28:24','2018-12-06 13:28:24',0),(1062,51,27,4,'2018-12-06 13:28:25','2018-12-06 13:28:25',0),(1063,66,27,4,'2018-12-06 13:28:25','2018-12-06 13:28:25',0),(1064,144,27,2,'2018-12-06 13:28:26','2018-12-06 13:28:26',0),(1065,122,27,3,'2018-12-06 13:28:26','2018-12-06 13:28:26',0),(1066,45,27,2,'2018-12-06 13:28:28','2018-12-06 13:28:28',0),(1067,132,27,2,'2018-12-06 13:28:30','2018-12-06 13:28:30',0),(1068,140,27,3,'2018-12-06 13:28:30','2018-12-06 13:28:30',0),(1069,90,27,3,'2018-12-06 13:28:30','2018-12-06 13:28:30',0),(1070,69,27,2,'2018-12-06 13:28:32','2018-12-06 13:28:32',0),(1071,100,27,5,'2018-12-06 13:28:33','2018-12-06 13:28:33',0),(1072,143,27,4,'2018-12-06 13:28:33','2018-12-06 13:28:33',0),(1073,126,27,3,'2018-12-06 13:28:33','2018-12-06 13:28:33',0),(1074,74,27,3,'2018-12-06 13:28:37','2018-12-06 13:28:37',0),(1075,64,27,3,'2018-12-06 13:28:40','2018-12-06 13:28:40',0),(1076,131,27,5,'2018-12-06 13:28:51','2018-12-06 13:28:51',0),(1077,215,27,3,'2018-12-06 13:29:07','2018-12-06 13:29:07',0),(1078,87,28,3,'2018-12-06 13:29:38','2018-12-06 13:29:38',0),(1079,145,28,3,'2018-12-06 13:31:01','2018-12-06 13:31:01',0),(1080,99,28,5,'2018-12-06 13:31:21','2018-12-06 13:31:21',0),(1081,125,28,3,'2018-12-06 13:31:54','2018-12-06 13:31:54',0),(1082,156,28,1,'2018-12-06 13:32:13','2018-12-06 13:32:13',0),(1083,176,28,4,'2018-12-06 13:32:32','2018-12-06 13:32:32',0),(1084,73,28,5,'2018-12-06 13:32:52','2018-12-06 13:32:52',0),(1085,191,28,4,'2018-12-06 13:33:03','2018-12-06 13:33:03',0),(1086,106,28,5,'2018-12-06 13:33:27','2018-12-06 13:33:27',0),(1087,216,28,5,'2018-12-06 13:33:28','2018-12-06 13:33:28',0),(1088,186,28,4,'2018-12-06 13:33:47','2018-12-06 13:33:47',0),(1089,54,28,4,'2018-12-06 13:34:31','2018-12-06 13:34:31',0),(1090,123,28,3,'2018-12-06 13:34:35','2018-12-06 13:34:35',0),(1091,92,28,4,'2018-12-06 13:35:20','2018-12-06 13:35:20',0),(1092,117,28,5,'2018-12-06 13:36:14','2018-12-06 13:36:14',0),(1093,148,28,3,'2018-12-06 13:37:40','2018-12-06 13:37:40',0),(1094,121,28,5,'2018-12-06 13:38:12','2018-12-06 13:38:12',0),(1095,86,28,4,'2018-12-06 13:39:00','2018-12-06 13:39:00',0),(1096,160,28,3,'2018-12-06 13:39:20','2018-12-06 13:39:20',0),(1097,217,28,5,'2018-12-06 13:39:44','2018-12-06 13:39:44',0),(1098,150,28,4,'2018-12-06 13:39:49','2018-12-06 13:39:49',0),(1099,96,28,5,'2018-12-06 13:40:03','2018-12-06 13:40:03',0),(1100,58,28,4,'2018-12-06 13:40:04','2018-12-06 13:40:04',0),(1101,85,28,3,'2018-12-06 13:40:10','2018-12-06 13:40:10',0),(1102,84,28,4,'2018-12-06 13:40:17','2018-12-06 13:40:17',0),(1103,154,28,4,'2018-12-06 13:40:21','2018-12-06 13:40:21',0),(1104,112,28,3,'2018-12-06 13:40:23','2018-12-06 13:40:23',0),(1105,45,28,3,'2018-12-06 13:40:25','2018-12-06 13:40:25',0),(1106,119,28,3,'2018-12-06 13:40:29','2018-12-06 13:40:29',0),(1107,62,28,4,'2018-12-06 13:40:32','2018-12-06 13:40:32',0),(1108,75,28,4,'2018-12-06 13:40:56','2018-12-06 13:40:56',0),(1109,95,28,3,'2018-12-06 13:41:05','2018-12-06 13:41:05',0),(1110,144,28,2,'2018-12-06 13:41:06','2018-12-06 13:41:06',0),(1111,97,28,4,'2018-12-06 13:41:34','2018-12-06 13:41:34',0),(1112,143,28,2,'2018-12-06 13:42:42','2018-12-06 13:42:42',0),(1113,111,28,5,'2018-12-06 13:42:46','2018-12-06 13:42:46',0),(1114,90,28,3,'2018-12-06 13:42:57','2018-12-06 13:42:57',0),(1115,220,28,3,'2018-12-06 13:44:19','2018-12-06 13:44:19',0),(1116,120,28,4,'2018-12-06 13:44:20','2018-12-06 13:44:20',0),(1117,69,28,2,'2018-12-06 13:44:20','2018-12-06 13:44:20',0),(1118,219,28,3,'2018-12-06 13:44:21','2018-12-06 13:44:21',0),(1119,115,28,4,'2018-12-06 13:44:30','2018-12-06 13:44:30',0),(1120,44,28,2,'2018-12-06 13:47:05','2018-12-06 13:47:05',0),(1121,129,28,3,'2018-12-06 13:48:14','2018-12-06 13:48:14',0),(1122,142,28,4,'2018-12-06 13:48:31','2018-12-06 13:48:31',0),(1123,79,28,5,'2018-12-06 13:48:37','2018-12-06 13:48:37',0),(1124,139,28,5,'2018-12-06 13:48:38','2018-12-06 13:48:38',0),(1125,102,28,4,'2018-12-06 13:48:39','2018-12-06 13:48:39',0),(1126,140,28,3,'2018-12-06 13:48:39','2018-12-06 13:48:39',0),(1127,187,28,3,'2018-12-06 13:48:39','2018-12-06 13:48:39',0),(1128,152,28,4,'2018-12-06 13:48:39','2018-12-06 13:48:39',0),(1129,201,28,5,'2018-12-06 13:48:43','2018-12-06 13:48:43',0),(1130,126,28,5,'2018-12-06 13:48:46','2018-12-06 13:48:46',0),(1131,147,28,5,'2018-12-06 13:48:47','2018-12-06 13:48:47',0),(1132,131,28,3,'2018-12-06 13:48:50','2018-12-06 13:48:50',0),(1133,94,28,5,'2018-12-06 13:48:58','2018-12-06 13:48:58',0),(1134,57,28,5,'2018-12-06 13:49:06','2018-12-06 13:49:06',0),(1135,64,28,5,'2018-12-06 13:49:07','2018-12-06 13:49:07',0),(1136,51,28,4,'2018-12-06 13:49:10','2018-12-06 13:49:10',0),(1137,100,28,4,'2018-12-06 13:49:21','2018-12-06 13:49:21',0),(1138,77,28,4,'2018-12-06 13:49:36','2018-12-06 13:49:36',0),(1139,73,29,5,'2018-12-06 13:49:50','2018-12-06 13:49:50',0),(1140,151,29,3,'2018-12-06 13:51:07','2018-12-06 13:51:07',0),(1141,92,29,4,'2018-12-06 13:51:33','2018-12-06 13:51:33',0),(1142,84,29,3,'2018-12-06 13:51:39','2018-12-06 13:51:39',0),(1143,176,29,5,'2018-12-06 13:51:46','2018-12-06 13:51:46',0),(1144,44,29,5,'2018-12-06 13:51:50','2018-12-06 13:51:50',0),(1145,99,29,1,'2018-12-06 13:52:20','2018-12-06 13:52:20',0),(1146,77,29,4,'2018-12-06 13:52:33','2018-12-06 13:52:33',0),(1147,186,29,5,'2018-12-06 13:52:34','2018-12-06 13:52:34',0),(1148,148,29,4,'2018-12-06 13:52:44','2018-12-06 13:52:44',0),(1149,191,29,1,'2018-12-06 13:53:02','2018-12-06 13:53:02',0),(1150,201,29,5,'2018-12-06 13:53:12','2018-12-06 13:53:12',0),(1151,94,29,3,'2018-12-06 13:54:24','2018-12-06 13:54:24',0),(1152,45,29,5,'2018-12-06 13:54:26','2018-12-06 13:54:26',0),(1153,125,29,3,'2018-12-06 13:54:50','2018-12-06 13:54:50',0),(1154,221,29,5,'2018-12-06 13:55:02','2018-12-06 13:55:02',0),(1155,66,29,5,'2018-12-06 13:56:02','2018-12-06 13:56:02',0),(1156,154,29,3,'2018-12-06 13:56:11','2018-12-06 13:56:11',0),(1157,139,29,5,'2018-12-06 13:56:34','2018-12-06 13:56:34',0),(1158,78,29,3,'2018-12-06 13:56:44','2018-12-06 13:56:44',0),(1159,144,29,5,'2018-12-06 13:56:50','2018-12-06 13:56:50',0),(1160,123,29,5,'2018-12-06 13:57:03','2018-12-06 13:57:03',0),(1161,62,29,4,'2018-12-06 13:57:25','2018-12-06 13:57:25',0),(1162,121,29,5,'2018-12-06 13:58:09','2018-12-06 13:58:09',0),(1163,96,29,3,'2018-12-06 13:58:37','2018-12-06 13:58:37',0),(1164,117,29,5,'2018-12-06 13:58:43','2018-12-06 13:58:43',0),(1165,54,29,2,'2018-12-06 13:59:03','2018-12-06 13:59:03',0),(1166,129,29,3,'2018-12-06 13:59:16','2018-12-06 13:59:16',0),(1167,57,29,5,'2018-12-06 13:59:22','2018-12-06 13:59:22',0),(1168,150,29,4,'2018-12-06 13:59:22','2018-12-06 13:59:22',0),(1169,75,29,4,'2018-12-06 13:59:24','2018-12-06 13:59:24',0),(1170,79,29,3,'2018-12-06 13:59:25','2018-12-06 13:59:25',0),(1171,90,29,5,'2018-12-06 13:59:26','2018-12-06 13:59:26',0),(1172,58,29,4,'2018-12-06 13:59:26','2018-12-06 13:59:26',0),(1173,152,29,3,'2018-12-06 13:59:28','2018-12-06 13:59:28',0),(1174,126,29,5,'2018-12-06 13:59:31','2018-12-06 13:59:31',0),(1175,112,29,4,'2018-12-06 13:59:36','2018-12-06 13:59:36',0),(1176,95,29,3,'2018-12-06 13:59:45','2018-12-06 13:59:45',0),(1177,187,29,4,'2018-12-06 13:59:46','2018-12-06 13:59:46',0),(1178,142,29,5,'2018-12-06 13:59:46','2018-12-06 13:59:46',0),(1179,98,29,1,'2018-12-06 13:59:47','2018-12-06 13:59:47',0),(1180,163,29,5,'2018-12-06 13:59:47','2018-12-06 13:59:47',0),(1181,83,29,5,'2018-12-06 14:00:18','2018-12-06 14:00:18',0),(1182,160,29,3,'2018-12-06 14:00:25','2018-12-06 14:00:25',0),(1183,222,29,3,'2018-12-06 14:00:58','2018-12-06 14:00:58',0),(1184,97,29,2,'2018-12-06 14:01:05','2018-12-06 14:01:05',0),(1185,219,29,3,'2018-12-06 14:01:36','2018-12-06 14:01:36',0),(1186,120,29,4,'2018-12-06 14:01:45','2018-12-06 14:01:45',0),(1187,119,29,2,'2018-12-06 14:01:46','2018-12-06 14:01:46',0),(1188,69,29,0,'2018-12-06 14:02:15','2018-12-06 14:02:15',0),(1189,88,29,4,'2018-12-06 14:02:25','2018-12-06 14:02:25',0),(1190,143,29,0,'2018-12-06 14:02:31','2018-12-06 14:02:31',0),(1191,85,29,4,'2018-12-06 14:02:50','2018-12-06 14:02:50',0),(1192,153,29,3,'2018-12-06 14:03:36','2018-12-06 14:03:36',0),(1193,50,29,5,'2018-12-06 14:03:38','2018-12-06 14:03:38',0),(1194,111,29,5,'2018-12-06 14:04:33','2018-12-06 14:04:33',0),(1195,113,29,5,'2018-12-06 14:04:36','2018-12-06 14:04:36',0),(1196,51,29,4,'2018-12-06 14:04:36','2018-12-06 14:04:36',0),(1197,169,29,3,'2018-12-06 14:04:37','2018-12-06 14:04:37',0),(1198,100,29,4,'2018-12-06 14:04:37','2018-12-06 14:04:37',0),(1199,74,29,4,'2018-12-06 14:04:44','2018-12-06 14:04:44',0),(1200,87,30,5,'2018-12-06 15:11:48','2018-12-06 15:11:48',0),(1201,156,30,5,'2018-12-06 15:11:51','2018-12-06 15:11:51',0),(1202,96,30,5,'2018-12-06 15:12:06','2018-12-06 15:12:06',0),(1203,125,30,5,'2018-12-06 15:12:25','2018-12-06 15:12:25',0),(1204,98,30,5,'2018-12-06 15:12:26','2018-12-06 15:12:26',0),(1205,145,30,5,'2018-12-06 15:12:48','2018-12-06 15:12:48',0),(1206,100,30,5,'2018-12-06 15:12:52','2018-12-06 15:12:52',0),(1207,225,30,5,'2018-12-06 15:13:32','2018-12-06 15:13:32',0),(1208,45,30,5,'2018-12-06 15:13:32','2018-12-06 15:13:32',0),(1209,119,30,4,'2018-12-06 15:14:25','2018-12-06 15:14:25',0),(1210,92,30,4,'2018-12-06 15:14:53','2018-12-06 15:14:53',0),(1211,66,30,5,'2018-12-06 15:14:54','2018-12-06 15:14:54',0),(1212,123,30,5,'2018-12-06 15:14:58','2018-12-06 15:14:58',0),(1213,95,30,4,'2018-12-06 15:15:04','2018-12-06 15:15:04',0),(1214,102,30,5,'2018-12-06 15:15:07','2018-12-06 15:15:07',0),(1215,126,30,3,'2018-12-06 15:15:15','2018-12-06 15:15:15',0),(1216,51,30,2,'2018-12-06 15:15:18','2018-12-06 15:15:18',0),(1217,227,30,5,'2018-12-06 15:15:31','2018-12-06 15:15:31',0),(1218,228,30,4,'2018-12-06 15:15:44','2018-12-06 15:15:44',0),(1219,90,30,5,'2018-12-06 15:15:50','2018-12-06 15:15:50',0),(1220,62,30,4,'2018-12-06 15:15:50','2018-12-06 15:15:50',0),(1221,226,30,4,'2018-12-06 15:15:56','2018-12-06 15:15:56',0),(1222,84,30,3,'2018-12-06 15:15:56','2018-12-06 15:15:56',0),(1223,229,30,5,'2018-12-06 15:16:01','2018-12-06 15:16:01',0),(1224,224,30,5,'2018-12-06 15:16:02','2018-12-06 15:16:02',0),(1225,69,30,4,'2018-12-06 15:16:17','2018-12-06 15:16:17',0),(1226,97,30,5,'2018-12-06 15:16:18','2018-12-06 15:16:18',0),(1227,129,30,5,'2018-12-06 15:16:28','2018-12-06 15:16:28',0),(1228,79,30,5,'2018-12-06 15:16:41','2018-12-06 15:16:41',0),(1229,219,30,5,'2018-12-06 15:16:41','2018-12-06 15:16:41',0),(1230,230,30,5,'2018-12-06 15:16:43','2018-12-06 15:16:43',0),(1231,111,30,5,'2018-12-06 15:16:43','2018-12-06 15:16:43',0),(1232,121,30,5,'2018-12-06 15:16:51','2018-12-06 15:16:51',0),(1233,222,30,3,'2018-12-06 15:16:52','2018-12-06 15:16:52',0),(1234,220,30,4,'2018-12-06 15:16:58','2018-12-06 15:16:58',0),(1235,231,30,5,'2018-12-06 15:17:26','2018-12-06 15:17:26',0),(1236,154,30,4,'2018-12-06 15:17:58','2018-12-06 15:17:58',0),(1237,131,30,0,'2018-12-06 15:18:54','2018-12-06 15:18:54',0),(1238,74,30,3,'2018-12-06 15:19:09','2018-12-06 15:19:09',0),(1239,151,30,3,'2018-12-06 15:19:41','2018-12-06 15:19:41',0),(1240,232,30,4,'2018-12-06 15:19:53','2018-12-06 15:19:53',0),(1241,54,30,3,'2018-12-06 15:20:17','2018-12-06 15:20:17',0),(1242,88,30,4,'2018-12-06 15:20:22','2018-12-06 15:20:22',0),(1243,233,30,5,'2018-12-06 15:20:32','2018-12-06 15:20:32',0),(1244,143,30,5,'2018-12-06 15:20:52','2018-12-06 15:20:52',0),(1245,153,30,4,'2018-12-06 15:21:21','2018-12-06 15:21:21',0),(1246,112,30,4,'2018-12-06 15:21:49','2018-12-06 15:21:49',0),(1247,117,30,3,'2018-12-06 15:22:00','2018-12-06 15:22:00',0),(1248,120,30,4,'2018-12-06 15:22:57','2018-12-06 15:22:57',0),(1249,44,30,3,'2018-12-06 15:23:16','2018-12-06 15:23:16',0),(1250,77,30,5,'2018-12-06 15:24:01','2018-12-06 15:24:01',0),(1251,75,30,5,'2018-12-06 15:25:37','2018-12-06 15:25:37',0),(1252,142,30,4,'2018-12-06 15:25:41','2018-12-06 15:25:41',0),(1253,139,30,5,'2018-12-06 15:25:41','2018-12-06 15:25:41',0),(1254,163,30,4,'2018-12-06 15:25:42','2018-12-06 15:25:42',0),(1255,113,30,5,'2018-12-06 15:25:46','2018-12-06 15:25:46',0),(1256,94,30,3,'2018-12-06 15:25:55','2018-12-06 15:25:55',0),(1257,234,30,4,'2018-12-06 15:25:57','2018-12-06 15:25:57',0),(1258,150,30,3,'2018-12-06 15:25:59','2018-12-06 15:25:59',0),(1259,124,30,3,'2018-12-06 15:26:03','2018-12-06 15:26:03',0),(1260,144,30,5,'2018-12-06 15:26:04','2018-12-06 15:26:04',0),(1261,235,30,5,'2018-12-06 15:26:05','2018-12-06 15:26:05',0),(1262,223,30,4,'2018-12-06 15:26:05','2018-12-06 15:26:05',0),(1263,215,30,4,'2018-12-06 15:26:09','2018-12-06 15:26:09',0),(1264,64,30,5,'2018-12-06 15:26:10','2018-12-06 15:26:10',0),(1265,236,30,5,'2018-12-06 15:26:13','2018-12-06 15:26:13',0),(1266,132,30,5,'2018-12-06 15:26:13','2018-12-06 15:26:13',0),(1267,140,30,4,'2018-12-06 15:26:13','2018-12-06 15:26:13',0),(1268,147,30,4,'2018-12-06 15:26:15','2018-12-06 15:26:15',0),(1269,85,30,4,'2018-12-06 15:26:19','2018-12-06 15:26:19',0),(1270,237,30,5,'2018-12-06 15:26:20','2018-12-06 15:26:20',0),(1271,238,30,5,'2018-12-06 15:26:36','2018-12-06 15:26:36',0),(1272,45,31,5,'2018-12-06 15:26:57','2018-12-06 15:26:57',0),(1273,111,31,5,'2018-12-06 15:27:27','2018-12-06 15:27:27',0),(1274,73,31,0,'2018-12-06 15:27:34','2018-12-06 15:27:34',0),(1275,94,31,5,'2018-12-06 15:28:51','2018-12-06 15:28:51',0),(1276,123,31,5,'2018-12-06 15:30:02','2018-12-06 15:30:02',0),(1277,106,31,4,'2018-12-06 15:31:01','2018-12-06 15:31:01',0),(1278,92,31,4,'2018-12-06 15:31:29','2018-12-06 15:31:29',0),(1279,54,31,5,'2018-12-06 15:31:32','2018-12-06 15:31:32',0),(1280,131,31,5,'2018-12-06 15:31:52','2018-12-06 15:31:52',0),(1281,235,31,5,'2018-12-06 15:32:03','2018-12-06 15:32:03',0),(1282,124,31,5,'2018-12-06 15:32:04','2018-12-06 15:32:04',0),(1283,151,31,5,'2018-12-06 15:32:08','2018-12-06 15:32:08',0),(1284,143,31,5,'2018-12-06 15:32:16','2018-12-06 15:32:16',0),(1285,98,31,3,'2018-12-06 15:32:17','2018-12-06 15:32:17',0),(1286,239,31,5,'2018-12-06 15:32:42','2018-12-06 15:32:42',0),(1287,150,31,4,'2018-12-06 15:32:46','2018-12-06 15:32:46',0),(1288,113,31,5,'2018-12-06 15:33:21','2018-12-06 15:33:21',0),(1289,74,31,4,'2018-12-06 15:33:56','2018-12-06 15:33:56',0),(1290,83,31,5,'2018-12-06 15:33:58','2018-12-06 15:33:58',0),(1291,66,31,5,'2018-12-06 15:34:02','2018-12-06 15:34:02',0),(1292,129,31,4,'2018-12-06 15:35:00','2018-12-06 15:35:00',0),(1293,120,31,5,'2018-12-06 15:35:09','2018-12-06 15:35:09',0),(1294,228,31,4,'2018-12-06 15:35:13','2018-12-06 15:35:13',0),(1295,125,31,5,'2018-12-06 15:35:14','2018-12-06 15:35:14',0),(1296,153,31,5,'2018-12-06 15:35:24','2018-12-06 15:35:24',0),(1297,222,31,4,'2018-12-06 15:35:33','2018-12-06 15:35:33',0),(1298,156,31,3,'2018-12-06 15:35:40','2018-12-06 15:35:40',0),(1299,119,31,5,'2018-12-06 15:35:40','2018-12-06 15:35:40',0),(1300,121,31,5,'2018-12-06 15:35:41','2018-12-06 15:35:41',0),(1301,240,31,5,'2018-12-06 15:35:47','2018-12-06 15:35:47',0),(1302,51,31,4,'2018-12-06 15:35:57','2018-12-06 15:35:57',0),(1303,232,31,5,'2018-12-06 15:35:58','2018-12-06 15:35:58',0),(1304,215,31,5,'2018-12-06 15:36:16','2018-12-06 15:36:16',0),(1305,87,31,4,'2018-12-06 15:36:16','2018-12-06 15:36:16',0),(1306,219,31,5,'2018-12-06 15:36:18','2018-12-06 15:36:18',0),(1307,154,31,5,'2018-12-06 15:36:23','2018-12-06 15:36:23',0),(1308,191,31,4,'2018-12-06 15:36:27','2018-12-06 15:36:27',0),(1309,62,31,5,'2018-12-06 15:36:28','2018-12-06 15:36:28',0),(1310,77,31,5,'2018-12-06 15:36:28','2018-12-06 15:36:28',0),(1311,90,31,5,'2018-12-06 15:36:29','2018-12-06 15:36:29',0),(1312,231,31,5,'2018-12-06 15:36:41','2018-12-06 15:36:41',0),(1313,84,31,4,'2018-12-06 15:36:41','2018-12-06 15:36:41',0),(1314,163,31,4,'2018-12-06 15:36:48','2018-12-06 15:36:48',0),(1315,220,31,5,'2018-12-06 15:36:53','2018-12-06 15:36:53',0),(1316,144,31,5,'2018-12-06 15:37:12','2018-12-06 15:37:12',0),(1317,140,31,5,'2018-12-06 15:37:17','2018-12-06 15:37:17',0),(1318,139,31,5,'2018-12-06 15:37:44','2018-12-06 15:37:44',0),(1319,58,31,5,'2018-12-06 15:38:23','2018-12-06 15:38:23',0),(1320,112,31,5,'2018-12-06 15:39:42','2018-12-06 15:39:42',0),(1321,67,31,5,'2018-12-06 15:40:04','2018-12-06 15:40:04',0),(1322,241,31,5,'2018-12-06 15:40:27','2018-12-06 15:40:27',0),(1323,142,31,5,'2018-12-06 15:43:04','2018-12-06 15:43:04',0),(1324,88,31,4,'2018-12-06 15:44:28','2018-12-06 15:44:28',0),(1325,79,31,5,'2018-12-06 15:44:43','2018-12-06 15:44:43',0),(1326,44,31,5,'2018-12-06 15:44:51','2018-12-06 15:44:51',0),(1327,132,31,5,'2018-12-06 15:44:53','2018-12-06 15:44:53',0),(1328,236,31,4,'2018-12-06 15:45:01','2018-12-06 15:45:01',0),(1329,117,31,5,'2018-12-06 15:45:01','2018-12-06 15:45:01',0),(1330,147,31,5,'2018-12-06 15:45:02','2018-12-06 15:45:02',0),(1331,50,31,5,'2018-12-06 15:45:02','2018-12-06 15:45:02',0),(1332,75,31,5,'2018-12-06 15:45:05','2018-12-06 15:45:05',0),(1333,57,31,4,'2018-12-06 15:45:06','2018-12-06 15:45:06',0),(1334,145,31,2,'2018-12-06 15:45:09','2018-12-06 15:45:09',0),(1335,85,31,3,'2018-12-06 15:45:09','2018-12-06 15:45:09',0),(1336,126,31,4,'2018-12-06 15:45:09','2018-12-06 15:45:09',0),(1337,64,31,5,'2018-12-06 15:45:13','2018-12-06 15:45:13',0),(1338,69,31,5,'2018-12-06 15:45:15','2018-12-06 15:45:15',0),(1339,238,31,5,'2018-12-06 15:45:18','2018-12-06 15:45:18',0),(1340,242,31,5,'2018-12-06 15:45:18','2018-12-06 15:45:18',0),(1341,102,31,4,'2018-12-06 15:45:23','2018-12-06 15:45:23',0),(1342,243,31,4,'2018-12-06 15:45:23','2018-12-06 15:45:23',0),(1343,156,32,0,'2018-12-06 15:46:06','2018-12-06 15:46:06',0),(1344,124,32,3,'2018-12-06 15:49:45','2018-12-06 15:49:45',0),(1345,54,32,1,'2018-12-06 15:49:50','2018-12-06 15:49:50',0),(1346,153,32,1,'2018-12-06 15:50:00','2018-12-06 15:50:00',0),(1347,131,32,1,'2018-12-06 15:50:07','2018-12-06 15:50:07',0),(1348,222,32,2,'2018-12-06 15:50:32','2018-12-06 15:50:32',0),(1349,242,32,2,'2018-12-06 15:50:37','2018-12-06 15:50:37',0),(1350,129,32,0,'2018-12-06 15:50:40','2018-12-06 15:50:40',0),(1351,44,32,1,'2018-12-06 15:50:47','2018-12-06 15:50:47',0),(1352,111,32,5,'2018-12-06 15:50:50','2018-12-06 15:50:50',0),(1353,239,32,4,'2018-12-06 15:51:00','2018-12-06 15:51:00',0),(1354,69,32,0,'2018-12-06 15:51:08','2018-12-06 15:51:08',0),(1355,231,32,0,'2018-12-06 15:51:18','2018-12-06 15:51:18',0),(1356,220,32,1,'2018-12-06 15:51:20','2018-12-06 15:51:20',0),(1357,45,32,5,'2018-12-06 15:51:24','2018-12-06 15:51:24',0),(1358,191,32,0,'2018-12-06 15:51:32','2018-12-06 15:51:32',0),(1359,87,32,3,'2018-12-06 15:52:04','2018-12-06 15:52:04',0),(1360,58,32,2,'2018-12-06 15:52:07','2018-12-06 15:52:07',0),(1361,139,32,0,'2018-12-06 15:52:12','2018-12-06 15:52:12',0),(1362,62,32,3,'2018-12-06 15:52:14','2018-12-06 15:52:14',0),(1363,121,32,4,'2018-12-06 15:52:18','2018-12-06 15:52:18',0),(1364,92,32,3,'2018-12-06 15:52:18','2018-12-06 15:52:18',0),(1365,245,32,5,'2018-12-06 15:52:18','2018-12-06 15:52:18',0),(1366,163,32,5,'2018-12-06 15:52:24','2018-12-06 15:52:24',0),(1367,64,32,1,'2018-12-06 15:52:24','2018-12-06 15:52:24',0),(1368,120,32,5,'2018-12-06 15:52:30','2018-12-06 15:52:30',0),(1369,97,32,0,'2018-12-06 15:52:33','2018-12-06 15:52:33',0),(1370,144,32,3,'2018-12-06 15:52:38','2018-12-06 15:52:38',0),(1371,154,32,1,'2018-12-06 15:52:39','2018-12-06 15:52:39',0),(1372,219,32,5,'2018-12-06 15:52:53','2018-12-06 15:52:53',0),(1373,95,32,2,'2018-12-06 15:52:55','2018-12-06 15:52:55',0),(1374,112,32,1,'2018-12-06 15:52:57','2018-12-06 15:52:57',0),(1375,84,32,2,'2018-12-06 15:52:58','2018-12-06 15:52:58',0),(1376,151,32,3,'2018-12-06 15:53:18','2018-12-06 15:53:18',0),(1377,246,32,2,'2018-12-06 15:53:20','2018-12-06 15:53:20',0),(1378,247,32,5,'2018-12-06 15:53:48','2018-12-06 15:53:48',0),(1379,215,32,2,'2018-12-06 15:53:51','2018-12-06 15:53:51',0),(1380,90,32,3,'2018-12-06 15:53:51','2018-12-06 15:53:51',0),(1381,96,32,0,'2018-12-06 15:54:07','2018-12-06 15:54:07',0),(1382,51,32,3,'2018-12-06 15:54:12','2018-12-06 15:54:12',0),(1383,74,32,4,'2018-12-06 15:54:12','2018-12-06 15:54:12',0),(1384,98,32,0,'2018-12-06 15:54:25','2018-12-06 15:54:25',0),(1385,67,32,1,'2018-12-06 15:54:37','2018-12-06 15:54:37',0),(1386,145,32,2,'2018-12-06 15:54:43','2018-12-06 15:54:43',0),(1387,66,32,3,'2018-12-06 15:54:48','2018-12-06 15:54:48',0),(1388,248,32,2,'2018-12-06 15:55:25','2018-12-06 15:55:25',0),(1389,85,32,4,'2018-12-06 15:55:41','2018-12-06 15:55:41',0),(1390,117,32,0,'2018-12-06 15:55:57','2018-12-06 15:55:57',0),(1391,236,32,3,'2018-12-06 15:56:58','2018-12-06 15:56:58',0),(1392,88,32,3,'2018-12-06 15:57:52','2018-12-06 15:57:52',0),(1393,235,32,4,'2018-12-06 15:58:09','2018-12-06 15:58:09',0),(1394,57,32,2,'2018-12-06 15:58:58','2018-12-06 15:58:58',0),(1395,79,32,3,'2018-12-06 16:00:46','2018-12-06 16:00:46',0),(1396,132,32,0,'2018-12-06 16:00:47','2018-12-06 16:00:47',0),(1397,232,32,4,'2018-12-06 16:00:53','2018-12-06 16:00:53',0),(1398,126,32,2,'2018-12-06 16:00:53','2018-12-06 16:00:53',0),(1399,142,32,5,'2018-12-06 16:00:57','2018-12-06 16:00:57',0),(1400,140,32,3,'2018-12-06 16:01:00','2018-12-06 16:01:00',0),(1401,73,32,0,'2018-12-06 16:01:00','2018-12-06 16:01:00',0),(1402,106,32,1,'2018-12-06 16:01:02','2018-12-06 16:01:02',0),(1403,75,32,5,'2018-12-06 16:01:04','2018-12-06 16:01:04',0),(1404,143,32,4,'2018-12-06 16:01:11','2018-12-06 16:01:11',0),(1405,123,32,5,'2018-12-06 16:01:39','2018-12-06 16:01:39',0),(1406,223,33,5,'2018-12-06 16:01:54','2018-12-06 16:01:54',0),(1407,117,33,5,'2018-12-06 16:02:05','2018-12-06 16:02:05',0),(1408,90,33,2,'2018-12-06 16:03:23','2018-12-06 16:03:23',0),(1409,244,33,4,'2018-12-06 16:03:44','2018-12-06 16:03:44',0),(1410,215,33,5,'2018-12-06 16:03:52','2018-12-06 16:03:52',0),(1411,54,33,3,'2018-12-06 16:04:55','2018-12-06 16:04:55',0),(1412,92,33,4,'2018-12-06 16:05:41','2018-12-06 16:05:41',0),(1413,84,33,3,'2018-12-06 16:06:51','2018-12-06 16:06:51',0),(1414,156,33,2,'2018-12-06 16:07:28','2018-12-06 16:07:28',0),(1415,45,33,2,'2018-12-06 16:07:28','2018-12-06 16:07:28',0),(1416,44,33,4,'2018-12-06 16:07:37','2018-12-06 16:07:37',0),(1417,94,33,2,'2018-12-06 16:08:07','2018-12-06 16:08:07',0),(1418,143,33,5,'2018-12-06 16:08:39','2018-12-06 16:08:39',0),(1419,77,33,4,'2018-12-06 16:10:02','2018-12-06 16:10:02',0),(1420,111,33,5,'2018-12-06 16:10:11','2018-12-06 16:10:11',0),(1421,51,33,5,'2018-12-06 16:11:37','2018-12-06 16:11:37',0),(1422,139,33,5,'2018-12-06 16:12:18','2018-12-06 16:12:18',0),(1423,147,33,5,'2018-12-06 16:12:27','2018-12-06 16:12:27',0),(1424,222,33,4,'2018-12-06 16:12:30','2018-12-06 16:12:30',0),(1425,144,33,5,'2018-12-06 16:13:12','2018-12-06 16:13:12',0),(1426,75,33,5,'2018-12-06 16:13:15','2018-12-06 16:13:15',0),(1427,120,33,4,'2018-12-06 16:13:18','2018-12-06 16:13:18',0),(1428,87,33,4,'2018-12-06 16:13:20','2018-12-06 16:13:20',0),(1429,151,33,4,'2018-12-06 16:13:22','2018-12-06 16:13:22',0),(1430,154,33,4,'2018-12-06 16:13:23','2018-12-06 16:13:23',0),(1431,74,33,4,'2018-12-06 16:13:32','2018-12-06 16:13:32',0),(1432,69,33,3,'2018-12-06 16:13:37','2018-12-06 16:13:37',0),(1433,67,33,2,'2018-12-06 16:13:40','2018-12-06 16:13:40',0),(1434,98,33,4,'2018-12-06 16:13:45','2018-12-06 16:13:45',0),(1435,145,33,3,'2018-12-06 16:13:50','2018-12-06 16:13:50',0),(1436,232,33,4,'2018-12-06 16:14:08','2018-12-06 16:14:08',0),(1437,112,33,3,'2018-12-06 16:14:08','2018-12-06 16:14:08',0),(1438,248,33,3,'2018-12-06 16:14:28','2018-12-06 16:14:28',0),(1439,249,33,4,'2018-12-06 16:14:44','2018-12-06 16:14:44',0),(1440,62,33,5,'2018-12-06 16:16:46','2018-12-06 16:16:46',0),(1441,106,33,3,'2018-12-06 16:16:54','2018-12-06 16:16:54',0),(1442,57,33,5,'2018-12-06 16:17:04','2018-12-06 16:17:04',0),(1443,88,33,5,'2018-12-06 16:17:07','2018-12-06 16:17:07',0),(1444,58,33,5,'2018-12-06 16:17:27','2018-12-06 16:17:27',0),(1445,231,33,2,'2018-12-06 16:17:31','2018-12-06 16:17:31',0),(1446,126,33,5,'2018-12-06 16:20:10','2018-12-06 16:20:10',0),(1447,85,33,3,'2018-12-06 16:20:36','2018-12-06 16:20:36',0),(1448,64,33,4,'2018-12-06 16:21:03','2018-12-06 16:21:03',0),(1449,140,33,5,'2018-12-06 16:21:32','2018-12-06 16:21:32',0),(1450,132,33,4,'2018-12-06 16:21:37','2018-12-06 16:21:37',0),(1451,97,33,0,'2018-12-06 16:21:41','2018-12-06 16:21:41',0),(1452,236,33,5,'2018-12-06 16:21:41','2018-12-06 16:21:41',0),(1453,124,33,5,'2018-12-06 16:21:45','2018-12-06 16:21:45',0),(1454,100,33,4,'2018-12-06 16:21:45','2018-12-06 16:21:45',0),(1455,119,33,4,'2018-12-06 16:21:45','2018-12-06 16:21:45',0),(1456,73,33,2,'2018-12-06 16:21:47','2018-12-06 16:21:47',0),(1457,150,33,2,'2018-12-06 16:21:48','2018-12-06 16:21:48',0),(1458,121,33,4,'2018-12-06 16:21:49','2018-12-06 16:21:49',0),(1459,250,33,0,'2018-12-06 16:21:50','2018-12-06 16:21:50',0),(1460,113,33,5,'2018-12-06 16:21:50','2018-12-06 16:21:50',0),(1461,163,33,0,'2018-12-06 16:21:51','2018-12-06 16:21:51',0),(1462,224,33,2,'2018-12-06 16:21:52','2018-12-06 16:21:52',0),(1463,96,33,5,'2018-12-06 16:21:53','2018-12-06 16:21:53',0),(1464,242,33,4,'2018-12-06 16:21:54','2018-12-06 16:21:54',0),(1465,245,33,0,'2018-12-06 16:21:54','2018-12-06 16:21:54',0),(1466,79,33,5,'2018-12-06 16:21:55','2018-12-06 16:21:55',0),(1467,66,33,3,'2018-12-06 16:21:55','2018-12-06 16:21:55',0),(1468,153,33,4,'2018-12-06 16:22:06','2018-12-06 16:22:06',0);
/*!40000 ALTER TABLE `marks` ENABLE KEYS */;
UNLOCK TABLES;

--
-- Table structure for table `migrations`
--

DROP TABLE IF EXISTS `migrations`;
/*!40101 SET @saved_cs_client     = @@character_set_client */;
/*!40101 SET character_set_client = utf8 */;
CREATE TABLE `migrations` (
  `id` int(10) unsigned NOT NULL AUTO_INCREMENT,
  `migration` VARCHAR(191) COLLATE utf8mb4_unicode_ci NOT NULL,
  `batch` int(11) NOT NULL,
  PRIMARY KEY (`id`)
) ENGINE=InnoDB AUTO_INCREMENT=13 DEFAULT CHARSET=utf8mb4 COLLATE=utf8mb4_unicode_ci;
/*!40101 SET character_set_client = @saved_cs_client */;

--
-- Dumping data for table `migrations`
--

LOCK TABLES `migrations` WRITE;
/*!40000 ALTER TABLE `migrations` DISABLE KEYS */;
INSERT INTO `migrations` VALUES (1,'2014_10_12_000000_create_users_table',1),(2,'2014_10_12_100000_create_password_resets_table',1),(3,'2018_11_22_150846_add_column_filial_to_users',1),(4,'2018_11_22_152624_create_reports_table',1),(5,'2018_11_22_162047_add_columns_is_expert_and_access_token_to_users',1),(6,'2018_11_22_202634_create_marks_table',1),(7,'2018_11_22_204733_create_mark_experts_table',1),(8,'2018_11_26_130909_add_column_expert_type_to_users',1),(9,'2018_11_26_131401_add_column_expert_type_to_marks',1),(10,'2018_11_26_131426_add_column_expert_type_to_mark_experts',1),(11,'2018_11_26_152408_add_column_active_to_reports',2),(12,'2018_12_01_120219_change_column_date_in_reports',3);
/*!40000 ALTER TABLE `migrations` ENABLE KEYS */;
UNLOCK TABLES;

--
-- Table structure for table `password_resets`
--

DROP TABLE IF EXISTS `password_resets`;
/*!40101 SET @saved_cs_client     = @@character_set_client */;
/*!40101 SET character_set_client = utf8 */;
CREATE TABLE `password_resets` (
  `email` VARCHAR(191) COLLATE utf8mb4_unicode_ci NOT NULL,
  `token` VARCHAR(191) COLLATE utf8mb4_unicode_ci NOT NULL,
  `created_at` timestamp NULL DEFAULT NULL,
  KEY `password_resets_email_index` (`email`)
) ENGINE=InnoDB DEFAULT CHARSET=utf8mb4 COLLATE=utf8mb4_unicode_ci;
/*!40101 SET character_set_client = @saved_cs_client */;

--
-- Dumping data for table `password_resets`
--

LOCK TABLES `password_resets` WRITE;
/*!40000 ALTER TABLE `password_resets` DISABLE KEYS */;
/*!40000 ALTER TABLE `password_resets` ENABLE KEYS */;
UNLOCK TABLES;

--
-- Table structure for table `reports`
--

DROP TABLE IF EXISTS `reports`;
/*!40101 SET @saved_cs_client     = @@character_set_client */;
/*!40101 SET character_set_client = utf8 */;
CREATE TABLE `reports` (
  `id` int(10) unsigned NOT NULL AUTO_INCREMENT,
  `name` text COLLATE utf8mb4_unicode_ci NOT NULL,
  `reporter` VARCHAR(191) COLLATE utf8mb4_unicode_ci NOT NULL,
  `position` VARCHAR(191) COLLATE utf8mb4_unicode_ci NOT NULL,
  `filial` VARCHAR(191) COLLATE utf8mb4_unicode_ci NOT NULL,
  `from` datetime NOT NULL,
  `to` datetime NOT NULL,
  `created_at` timestamp NULL DEFAULT NULL,
  `updated_at` timestamp NULL DEFAULT NULL,
  `active` tinyint(1) NOT NULL DEFAULT '1',
  PRIMARY KEY (`id`)
) ENGINE=InnoDB AUTO_INCREMENT=35 DEFAULT CHARSET=utf8mb4 COLLATE=utf8mb4_unicode_ci;
/*!40101 SET character_set_client = @saved_cs_client */;

--
-- Dumping data for table `reports`
--

LOCK TABLES `reports` WRITE;
/*!40000 ALTER TABLE `reports` DISABLE KEYS */;
INSERT INTO `reports` VALUES (15,'        ','     ','_','_','2018-12-06 09:45:00','2018-12-06 19:00:00','2018-12-06 08:44:01','2018-12-06 10:12:06',0),(16,'           ','  ','_','_','2018-12-06 10:00:00','2018-12-06 19:00:00','2018-12-06 08:46:04','2018-12-06 10:31:42',0),(17,'   .','     ','_','_','2018-12-06 10:00:00','2018-12-06 19:00:00','2018-12-06 08:47:58','2018-12-06 10:52:30',0),(18,' ','  ','_','_','2018-12-06 10:00:00','2018-12-06 19:00:00','2018-12-06 08:49:09','2018-12-06 11:18:34',0),(19,'   -  Cut','  ','_','_','2018-12-06 10:00:00','2018-12-06 19:00:00','2018-12-06 08:50:01','2018-12-06 11:34:35',0),(20,'      .','  ','_','_','2018-12-06 10:00:00','2018-12-06 19:00:00','2018-12-06 08:50:38','2018-12-06 12:02:50',0),(21,'       - ','  ','_','_','2018-12-06 10:00:00','2018-12-06 19:00:00','2018-12-06 08:51:37','2018-12-06 12:13:46',0),(22,'                .','  ','_','_','2018-12-06 10:00:00','2018-12-06 19:00:00','2018-12-06 08:53:10','2018-12-06 12:23:42',0),(23,'   ,    .   .','  ','_','_','2018-12-06 10:00:00','2018-12-06 19:00:00','2018-12-06 08:53:42','2018-12-06 12:36:45',0),(24,'          .','  ','_','_','2018-12-06 10:00:00','2018-12-06 19:00:00','2018-12-06 08:54:14','2018-12-06 12:50:49',0),(25,' ','  ','_','_','2018-12-06 10:00:00','2018-12-06 19:00:00','2018-12-06 08:54:55','2018-12-06 13:04:51',0),(26,'                 (  )','  ','_','_','2018-12-06 10:00:00','2018-12-06 19:00:00','2018-12-06 08:55:38','2018-12-06 13:16:30',0),(27,'        ()               ','      ','_','_','2018-12-06 10:00:00','2018-12-06 19:00:00','2018-12-06 08:56:31','2018-12-06 13:29:23',0),(28,'WIMP -          \"\"','  ','_','_','2018-12-06 10:00:00','2018-12-06 19:00:00','2018-12-06 08:57:24','2018-12-06 13:49:48',0),(29,'        ','  ','_','_','2018-12-06 10:00:00','2018-12-06 19:00:00','2018-12-06 08:57:46','2018-12-06 14:05:02',0),(30,'3D    ','      ','_','_','2018-12-06 10:00:00','2018-12-06 19:00:00','2018-12-06 08:58:29','2018-12-06 15:26:39',0),(31,'            ','  ','_','_','2018-12-06 10:00:00','2018-12-06 19:00:00','2018-12-06 08:59:23','2018-12-06 15:45:54',0),(32,'\"      +\"','      ','_','_','2018-12-06 10:00:00','2018-12-06 19:00:00','2018-12-06 08:59:53','2018-12-06 16:01:51',0),(33,'        .','      ','_','_','2018-12-06 10:00:00','2018-12-06 19:00:00','2018-12-06 09:00:25','2018-12-06 16:22:14',0),(34,'\"   -  -33081 (44)  -2\"','  ','_','_','2018-12-06 10:00:00','2018-12-06 19:00:00','2018-12-06 09:45:56','2018-12-06 11:08:59',0);
/*!40000 ALTER TABLE `reports` ENABLE KEYS */;
UNLOCK TABLES;

--
-- Table structure for table `users`
--

DROP TABLE IF EXISTS `users`;
/*!40101 SET @saved_cs_client     = @@character_set_client */;
/*!40101 SET character_set_client = utf8 */;
CREATE TABLE `users` (
  `id` int(10) unsigned NOT NULL AUTO_INCREMENT,
  `name` VARCHAR(191) COLLATE utf8mb4_unicode_ci NOT NULL,
  `email` VARCHAR(191) COLLATE utf8mb4_unicode_ci NOT NULL,
  `email_verified_at` timestamp NULL DEFAULT NULL,
  `password` VARCHAR(191) COLLATE utf8mb4_unicode_ci NOT NULL,
  `is_admin` tinyint(1) NOT NULL DEFAULT '0',
  `remember_token` varchar(100) COLLATE utf8mb4_unicode_ci DEFAULT NULL,
  `created_at` timestamp NULL DEFAULT NULL,
  `updated_at` timestamp NULL DEFAULT NULL,
  `filial` VARCHAR(191) COLLATE utf8mb4_unicode_ci DEFAULT NULL,
  `is_expert` tinyint(1) NOT NULL DEFAULT '0',
  `token` VARCHAR(191) COLLATE utf8mb4_unicode_ci DEFAULT NULL,
  `expert_type` tinyint(4) NOT NULL DEFAULT '0',
  PRIMARY KEY (`id`),
  UNIQUE KEY `users_email_unique` (`email`)
) ENGINE=InnoDB AUTO_INCREMENT=252 DEFAULT CHARSET=utf8mb4 COLLATE=utf8mb4_unicode_ci;
/*!40101 SET character_set_client = @saved_cs_client */;

--
-- Dumping data for table `users`
--

LOCK TABLES `users` WRITE;
/*!40000 ALTER TABLE `users` DISABLE KEYS */;
INSERT INTO `users` VALUES (1,'Admin','adminmog',NULL,'$2y$10$aOs9FaEtrRdXAyUZY98OH./ovl6lilmRIcmEe9LSWJBiyGAU.di/6',1,'dXzbDPgt6ZShuY2frCzCD41FivzlN33T0eKXVyiYYAHSPyrZAqYhYluiHUWQ',NULL,NULL,NULL,0,NULL,0),(11,' . .','email-5c054948810633.55815278',NULL,'$2y$10$jNtscq/hTfcZt0vSFeYCvOQsFtPrnI1EhOLDA5DN5tWd/DEVYugIu',0,NULL,'2018-12-03 18:18:32','2018-12-03 18:18:32','',1,'41Bj7z',0),(12,' . .','email-5c05495aa30657.12160066',NULL,'$2y$10$fWLGux9tW4csjfPGiEvQieKe8p5ITkm1NnqWv17TCKiagYth2dGq.',0,NULL,'2018-12-03 18:18:50','2018-12-03 18:18:50','',1,'gQo7Qq',0),(13,' . .','email-5c0549ab3f6160.43446370',NULL,'$2y$10$wIgiTUSZ8M7BIN4ATbgzCexIb5rdlxI9VNdTsr2u2rDfK9XTfvehK',0,NULL,'2018-12-03 18:20:11','2018-12-03 18:20:11','',1,'yEKYIe',0),(14,' . .','email-5c0549b29be792.76968151',NULL,'$2y$10$oFtjjKA7gnx0WPcAcPENieqkhNSQEw0XLf6dAgoJUKsYhW9aeIAW6',0,NULL,'2018-12-03 18:20:18','2018-12-03 18:20:18','',1,'CyQpeS',0),(15,' . .','email-5c0549bd978d76.84692569',NULL,'$2y$10$VYitWA5HqopWdxLagiomj.uQsEpR.TPQpqHVQnliQv8y4qJWXrvPG',0,NULL,'2018-12-03 18:20:29','2018-12-03 18:20:29','',1,'sX1D2s',0),(16,' . .','email-5c0549c4cd0485.84878485',NULL,'$2y$10$4f3QktChsYSigiJmmA3Xi.mawCW.iLhqfVw5/64UxPA2qlhMpGgKu',0,NULL,'2018-12-03 18:20:36','2018-12-03 18:20:36','',1,'RhIMaK',0),(17,' . .','email-5c0549cb3b7189.46485085',NULL,'$2y$10$MdqJdcEtl31quVwo7GUNheF7KkXnSkF/oIgTawC8zMp7AApbQ4Mr2',0,NULL,'2018-12-03 18:20:43','2018-12-03 18:20:43','',1,'fCYacZ',0),(18,' . .','email-5c0549d22aa196.99643888',NULL,'$2y$10$xzcbPw/PkS4aAongeYKCD.pK3o62vuCNHW3sYSgaHITnvWRdh/LBO',0,NULL,'2018-12-03 18:20:50','2018-12-03 18:20:50','',1,'TwFxYK',0),(19,' . .','email-5c0549db178741.73263342',NULL,'$2y$10$7oaoMgT17QxYT4w52J/2MOfquCNdFaJzRIObcNX7a4TqVr17X7dEq',0,NULL,'2018-12-03 18:20:59','2018-12-03 18:20:59','',1,'enqrRS',0),(20,' . .','email-5c0549e2ad3b64.70100257',NULL,'$2y$10$7XK/4C47LanjJhc/lsmPMOKEDYFHnYoPlUd1CEV2aFH3WUjV6ojoi',0,NULL,'2018-12-03 18:21:06','2018-12-03 18:21:06','',1,'dIqoHl',0),(21,' . .','email-5c0549e9b84c71.18656055',NULL,'$2y$10$77Ca9JzQzR6DMlTTEIxZKeRhGyna9oe3O0HaB0yNPE5Y74YRCAomC',0,NULL,'2018-12-03 18:21:13','2018-12-03 18:21:13','',1,'wR0yYX',0),(22,' . .','email-5c0549f096f862.08116006',NULL,'$2y$10$gS0/L2Qn7CUhDVXTEVIbgOcOL1ndOFDeP9jQUqNFi4ZLDXfin3Fb.',0,NULL,'2018-12-03 18:21:20','2018-12-03 18:21:20','',1,'YztUVc',0),(23,' . .','email-5c0549f7bad7d3.44964746',NULL,'$2y$10$8eZIjHIKxfK62hJUTpvTJORSJk1Vvuu9Yy5H6BduXYQGSe28fRgOS',0,NULL,'2018-12-03 18:21:27','2018-12-03 18:21:27','',1,'OmtPgA',0),(24,' . .','email-5c0549fe5584e8.79381021',NULL,'$2y$10$t5LGwRb8xlYHNISzHomGH.uVl6bF98KxN8XWQbXFHdnTG25TqMKcO',0,NULL,'2018-12-03 18:21:34','2018-12-03 18:21:34','',1,'MWxjTE',0),(25,' . .','email-5c054a052b83a0.64382842',NULL,'$2y$10$42yaiN280I2TIKhdxSPSHOC65bnLdaK/.5vSgn5Bml6g9MRLF95nS',0,NULL,'2018-12-03 18:21:41','2018-12-03 18:21:41','',1,'BtVfVn',0),(26,' . .','email-5c054a0c2d1001.44043039',NULL,'$2y$10$TJe6shinmL/ZBnj87Fgrb.6mXG/GdpxKjjMjKnzy2mS.SkvRWIFY.',0,NULL,'2018-12-03 18:21:48','2018-12-03 18:21:48','',1,'9bRcTE',0),(27,' . .','email-5c054a1306dff6.00772367',NULL,'$2y$10$ExqCf0BA1.8FPcHXcBdTMetKreNFyBFgdh2MjW/SBPQyUgwknRQAa',0,NULL,'2018-12-03 18:21:55','2018-12-03 18:21:55','',1,'y6D5bD',0),(28,' . .','email-5c054a198cab58.73726239',NULL,'$2y$10$jzw5CsrI1iYQ0hvBXqQyd.pCrHk.liMXJEJTR0KrMtbl5tqCvDXI2',0,NULL,'2018-12-03 18:22:01','2018-12-03 18:22:01','',1,'Wmch7l',0),(29,' . .','email-5c054a36b56659.84157652',NULL,'$2y$10$.mbmNYOM.Izlk.ALUzJeR.XvH5iAAbBX11cgte4qsJlznB7lEA0m6',0,NULL,'2018-12-03 18:22:30','2018-12-03 18:22:30','',1,'ugk19D',1),(30,' . .','email-5c054a3eb83544.56917547',NULL,'$2y$10$gNjlJxJLdMtToD.lx8h6TOgYkLZ/CROhPEUynEys7DEcKwJaoKrdu',0,NULL,'2018-12-03 18:22:38','2018-12-03 18:22:38','',1,'KiYmTf',1),(32,' . .','email-5c054a4d165e92.93344960',NULL,'$2y$10$tZIAu82qX1fyhLd.fwrYo.rU8WGb6JuYEjGZMvs6XRvO8Ci5mu3Ue',0,NULL,'2018-12-03 18:22:53','2018-12-03 18:22:53','',1,'PFTwcv',1),(33,' . .','email-5c054a836f3ff5.62861774',NULL,'$2y$10$IpiWxbeSu9aUEBWy7LqlC.l79yyTQktTjSvT4PXaPBl46BIDvjS5i',0,NULL,'2018-12-03 18:23:47','2018-12-03 18:23:47','',1,'vgJSUQ',1),(34,' . .','email-5c054a8dec3626.64751083',NULL,'$2y$10$JAHutdxlG3rnXheDny48JOc/mv6iVluCChWkPOxsO1.v9RlVKgW1e',0,NULL,'2018-12-03 18:23:58','2018-12-03 18:23:58','',1,'5RoNEn',1),(35,' . .','email-5c054a9663ae60.84940296',NULL,'$2y$10$eA3gWSXlOv8OjSjdSxnvP.19tHWkEzHc8wz3Wd3OeDq6Ep2y91uYm',0,NULL,'2018-12-03 18:24:06','2018-12-03 18:24:06','',1,'kG1BRN',1),(36,' . .','email-5c054a9e6d6332.71962118',NULL,'$2y$10$1CsiTHVKqfNfnxMRiWtC9eVmha7L2oBwCMqOrqjakPj24Ry0iZa/S',0,NULL,'2018-12-03 18:24:14','2018-12-03 18:24:14','',1,'k0qrAM',1),(37,' . .','email-5c054aa55f6f61.11539414',NULL,'$2y$10$gn0sUtYTeVUy2HcNxFIk7OcmmGTEfSnDxfvFM0EN76.gXMJSA.mxy',0,NULL,'2018-12-03 18:24:21','2018-12-03 18:24:21','',1,'ytrh3e',1),(38,' . .','email-5c054aad1f3dc5.77390500',NULL,'$2y$10$tiHR8LYFsUwvcnRXQf73COGre13We7bzmnXBpOBFk4DR7yMH8k9BS',0,NULL,'2018-12-03 18:24:29','2018-12-03 18:24:29','',1,'235nBw',1),(41,' 1','email-5c07f34ef1def2.87789890',NULL,'$2y$10$yeQjh2s6vnmprfFFKzC/8uDcThXeOrloGIXPRPAE/DFPJv0fo3p5a',0,NULL,'2018-12-05 18:48:31','2018-12-05 18:48:31','',1,'bdNg4p',1),(42,'  ','email-5c08947e8904d8.09801385',NULL,'$2y$10$0yt8Nz2mdrR1WQhg1xYUf.ypLNxH7fu4cp4a/DMLUBaH.PMCKvECy',0,NULL,'2018-12-06 06:16:14','2018-12-06 06:16:14',' ',0,NULL,0),(43,'','email-5c08bb9b5ccbc6.95497816',NULL,'$2y$10$1iQYIEyb66gjlRaIUzZI0eFA3Hxsk35dZg9zzPOWj6w7sto5Xkyxe',0,NULL,'2018-12-06 09:03:07','2018-12-06 09:03:07','',0,NULL,0),(44,'  ','email-5c08bc509f6467.00803098',NULL,'$2y$10$jIabxKNjRt3Mz9JfyrhNp.bcUItzwd7IAEniU7BlHYpSeZ/pUeYbC',0,NULL,'2018-12-06 09:06:08','2018-12-06 09:06:08','',0,NULL,0),(45,'  ','email-5c08bc55214ba5.90041543',NULL,'$2y$10$e9uBtgFx.9kAWgxz58rv2uIuI5NwStUtKQDY5kekhlf4xlbZyGdQy',0,NULL,'2018-12-06 09:06:13','2018-12-06 09:06:13','',0,NULL,0),(46,'  ','email-5c08bdbc633422.19947576',NULL,'$2y$10$zGSp3tJ8fQZxxlMQ2AAyYuBUSpKmi6QPWC7/9u8DKTssMiiKLLTXS',0,NULL,'2018-12-06 09:12:12','2018-12-06 09:12:12','',0,NULL,0),(47,'  ','email-5c08be7e170b43.15612970',NULL,'$2y$10$3VnUGTdooveceuuUbY/A3euT8/MSaCdWTwdqbKl.S.b6y1u1ypBY2',0,NULL,'2018-12-06 09:15:26','2018-12-06 09:15:26','',0,NULL,0),(48,'  ','email-5c08bfa661cc33.04940618',NULL,'$2y$10$YCHY1lmlIJIxLN7T5.r3UOvntLAhpP52CRfE1c2NJVWixb7Sn.Kq6',0,NULL,'2018-12-06 09:20:22','2018-12-06 09:20:22','',0,NULL,0),(49,'  ','email-5c08bffa072c28.90155034',NULL,'$2y$10$mDj13L.OO/ZKhiwbgAWC3OnHntpqwZs6eoyw3Q6QQNafE30JBW8GK',0,NULL,'2018-12-06 09:21:46','2018-12-06 09:21:46','',0,NULL,0),(50,'  ','email-5c08bffb39f529.73612534',NULL,'$2y$10$ZXVrM47742Ku0NYArKrzB.N3LbbaigD7OTcIE0F8El5Wi9Ghk0od2',0,NULL,'2018-12-06 09:21:47','2018-12-06 09:21:47','',0,NULL,0),(51,'  ','email-5c08bffb85a772.09886877',NULL,'$2y$10$h9a2I9YPFqwOHGBkxbpyB.DpfTgY.xF/lT1QZFDmxeXi9cjTnzeka',0,NULL,'2018-12-06 09:21:47','2018-12-06 09:21:47','',0,NULL,0),(52,'  ','email-5c08c007544e96.36227276',NULL,'$2y$10$SeH9ROWyIzJpM5u/tGn22uWHRJjmMfq3n70Sjg9l1r9Y1QCOCUITy',0,NULL,'2018-12-06 09:21:59','2018-12-06 09:21:59','',0,NULL,0),(53,'  ','email-5c08c0093ae431.21035603',NULL,'$2y$10$yU16s7I81.8pn9ikJL4v5uTKSAX6Ji9OzJtbr8OgLP9rrRMwvz7pC',0,NULL,'2018-12-06 09:22:01','2018-12-06 09:22:01','',0,NULL,0),(54,'  ','email-5c08c009b1e516.06166882',NULL,'$2y$10$MwyI7VfBY.8meAii/6qa8OX.fdF0gDCFoSGSAd.VWs9JByH5aZ9WS',0,NULL,'2018-12-06 09:22:01','2018-12-06 09:22:01','',0,NULL,0),(55,'  ','email-5c08c00fc36751.02844860',NULL,'$2y$10$z.2/g227WPRoTxsPXPAC1.uH8v93SNgfeXUcjD0HzxBJL.BnS5eoW',0,NULL,'2018-12-06 09:22:07','2018-12-06 09:22:07','',0,NULL,0),(56,'  ','email-5c08c00fccf769.77301472',NULL,'$2y$10$7PGAHr9RHH/ZAO6Cxay2n.O7SLJvKKMYX.IAS2N8z5mPASfBTNZ3S',0,NULL,'2018-12-06 09:22:07','2018-12-06 09:22:07','',0,NULL,0),(57,'  ','email-5c08c012e2afb1.17650204',NULL,'$2y$10$QQEOLor4Uz5q8zTRpIsHnOWGtg0VYHGgzD8Q7nIrrj0JTPX9HfkF2',0,NULL,'2018-12-06 09:22:11','2018-12-06 09:22:11','',0,NULL,0),(58,'  ','email-5c08c01484d873.57787752',NULL,'$2y$10$/rZyzWUfFwL7ToGp2ZFJOuQoCk9Mrc8fLRD5q8cOtUFSW8yt5lxja',0,NULL,'2018-12-06 09:22:12','2018-12-06 09:22:12','',0,NULL,0),(59,'  ','email-5c08c016802084.38371331',NULL,'$2y$10$qzYG4eGW5JTUfSCm881aj.rNkmhFzrsHnYVI2tJ/1j/m5InUB4cbi',0,NULL,'2018-12-06 09:22:14','2018-12-06 09:22:14','',0,NULL,0),(60,'  ','email-5c08c01ba16108.50623735',NULL,'$2y$10$28nBmTZHbg2iewPpTeouvu2fBZlsaF0/7VwK5i4zm4H5IB1EzLNnq',0,NULL,'2018-12-06 09:22:19','2018-12-06 09:22:19','',0,NULL,0),(61,'  ','email-5c08c02b909a07.01715956',NULL,'$2y$10$HJ1k9ioITubMZByQXmzUKOcVusMZc5tpOVL3Rn/.g4CMRn2OIhz6e',0,NULL,'2018-12-06 09:22:35','2018-12-06 09:22:35','',0,NULL,0),(62,'  ','email-5c08c035c13ae2.89846925',NULL,'$2y$10$gDuXPg.z50Emsb51zY2bGeapkBpvHm.xrOvoRraClkD7yrqPl9m9K',0,NULL,'2018-12-06 09:22:45','2018-12-06 09:22:45','',0,NULL,0),(63,' . .','email-5c08c037b5f029.01348868',NULL,'$2y$10$fIRmyvkObu2S1LlIRX5OGOOrEa.nk3uWg6E.E8P.OSVG/zbZZGs6C',0,NULL,'2018-12-06 09:22:47','2018-12-06 09:22:47','',0,NULL,0),(64,'  ','email-5c08c03d713695.78151815',NULL,'$2y$10$v1GVQSBKNXIk5sf8AZ1WmOMb0GT9xpJM.NEN9omMFE8kJcUu31MRi',0,NULL,'2018-12-06 09:22:53','2018-12-06 09:22:53','',0,NULL,0),(65,'  ','email-5c08c04db6f8a2.77688371',NULL,'$2y$10$jdLm/ks8SMuj6FPmbfWSs.B72HZfGETZ9KbR6S6X1NcByEOCuC7la',0,NULL,'2018-12-06 09:23:09','2018-12-06 09:23:09','',0,NULL,0),(66,'  ','email-5c08c06365cd55.51079572',NULL,'$2y$10$ENF7aKqP53Sv1i7RyvvNp.2sv7XmEnxexQXS8rDL7TYPaEWVe9r0e',0,NULL,'2018-12-06 09:23:31','2018-12-06 09:23:31','',0,NULL,0),(67,'  ','email-5c08c0b8a73f46.17182291',NULL,'$2y$10$boJZSCYcJ.H2hiB5zYFT2OJ/Gz9.f5.lYGqhTB4hA6IkohxVHVNRq',0,NULL,'2018-12-06 09:24:56','2018-12-06 09:24:56','',0,NULL,0),(68,'  ','email-5c08c0d06f9063.20736121',NULL,'$2y$10$w78P5OOipmP4y025Q3SetuXqh5zrNdYFp6tuAaxB05SiJt7As3Kwe',0,NULL,'2018-12-06 09:25:20','2018-12-06 09:25:20','',0,NULL,0),(69,'  ','email-5c08c1240d3b44.14275918',NULL,'$2y$10$XE5f/ZRO6kM83AweJX4Iuefzu4mo2HxD7G.VNDXan.akuwZu/Mg9W',0,NULL,'2018-12-06 09:26:44','2018-12-06 09:26:44','',0,NULL,0),(70,'  ','email-5c08c17562a461.25567785',NULL,'$2y$10$pOyrjITAW23p9FR3sc92SukraYI6k.izeG1piuh4oqTyxReiNHNU.',0,NULL,'2018-12-06 09:28:05','2018-12-06 09:28:05','',0,NULL,0),(71,'  ','email-5c08c1756b9098.30366599',NULL,'$2y$10$VGKmx4Wr4b.ikEB30siOEuZgZEFFybM9J5jAMz2ea7U95aBvV/Fbm',0,NULL,'2018-12-06 09:28:05','2018-12-06 09:28:05','',0,NULL,0),(72,' ','email-5c08c1a0877cc6.96868072',NULL,'$2y$10$UFwcg1olomkRE.LxgP4REuperkofyVWu8mFeAeOGI.vnCIpG2yIDi',0,NULL,'2018-12-06 09:28:48','2018-12-06 09:28:48','HRD',0,NULL,0),(73,'  ','email-5c08c23e9ebb77.48159660',NULL,'$2y$10$ShoZiPolacSaQ7lhO1CpT.GbE.KMexPnYqxwWSibPYDh2fZVtqnhO',0,NULL,'2018-12-06 09:31:26','2018-12-06 09:31:26','',0,NULL,0),(74,'  ','email-5c08c292025c78.85447563',NULL,'$2y$10$beq7s6CLsV6ICKj9/TJ9WeOYxcMVBl11Px/02YJqk7/I34cOGbrRK',0,NULL,'2018-12-06 09:32:50','2018-12-06 09:32:50','',0,NULL,0),(75,'  ','email-5c08c2fb7cdfb2.43579395',NULL,'$2y$10$2evA8.5NR2YGOOHT/7qV2u5fB7ilTmQ37mHgardEBVFyXiemu4WxG',0,NULL,'2018-12-06 09:34:35','2018-12-06 09:34:35','',0,NULL,0),(76,'  ','email-5c08c300a07c01.49616987',NULL,'$2y$10$dK70k4QCdA71MFXRstOJnuBjBTztO/wGFl5RAlktg1icftRpyrZ/e',0,NULL,'2018-12-06 09:34:40','2018-12-06 09:34:40','      ',0,NULL,0),(77,'  ','email-5c08c302799747.86913287',NULL,'$2y$10$hXAOHbEF8X3FcHfpwbbq7.m6ee8.aDmBKHdGNo3rxzuIL4Scttw0q',0,NULL,'2018-12-06 09:34:42','2018-12-06 09:34:42','',0,NULL,0),(78,'  ','email-5c08c313386ca4.89732293',NULL,'$2y$10$Q4//dXx9HWTTwuwWuCKjouGyR1YCmbuLCmm1uulsJZqkBH/IWSNpC',0,NULL,'2018-12-06 09:34:59','2018-12-06 09:34:59','',0,NULL,0),(79,'  ','email-5c08c35c85f8c6.40495399',NULL,'$2y$10$9OEkH5nqh6pYleUdEfZC6.9IwUj.aKVyjYDik7YF.pkAoquZmBjLe',0,NULL,'2018-12-06 09:36:12','2018-12-06 09:36:12','',0,NULL,0),(80,'  ','email-5c08c374751a09.80828784',NULL,'$2y$10$nkAePoMbwx1IBi7ys.O8uuhrRbIoc47Xyb0mMhedqAG4Xjn05xg.q',0,NULL,'2018-12-06 09:36:36','2018-12-06 09:36:36','',0,NULL,0),(81,'  ','email-5c08c38b279847.88136150',NULL,'$2y$10$ZMVs9xnC/2MWG4xNhz7/YudKq5JjOW11JMJ/4lYhLs3TzkV/j8mSa',0,NULL,'2018-12-06 09:36:59','2018-12-06 09:36:59','',0,NULL,0),(82,'  ','email-5c08c3a2785714.51620610',NULL,'$2y$10$QKfCY1oJpHf7L0ahJDsjrOD1lYbxPUM/HYeO58/OfeldKlD/NmJFa',0,NULL,'2018-12-06 09:37:22','2018-12-06 09:37:22','',0,NULL,0),(83,'  ','email-5c08c3b213b522.36767491',NULL,'$2y$10$KvxN5Mqdv/kjklelVt3fpu326PdsT3my6zh4ffqltQksFOZjvx3NS',0,NULL,'2018-12-06 09:37:38','2018-12-06 09:37:38','',0,NULL,0),(84,'  ','email-5c08c3ba714756.95253698',NULL,'$2y$10$b.YAoyD45nsiBQJac0UqWuNcvEzewp0DwSu8Bgo8p7reKXAmZXMp6',0,NULL,'2018-12-06 09:37:46','2018-12-06 09:37:46','',0,NULL,0),(85,'  ','email-5c08c3d0dc8f05.46441055',NULL,'$2y$10$lhg0A0FAd0jkrUZHln3Lheo/lif25rZ7tBTybIS2LpzpyS/GraKYK',0,NULL,'2018-12-06 09:38:08','2018-12-06 09:38:08','',0,NULL,0),(86,'  ','email-5c08c3d3e3c714.45582318',NULL,'$2y$10$7EAV.B0MjbY/sBmHPbfkg.Omyub19HmCsWLevE4h6mn.K7FY6tkBi',0,NULL,'2018-12-06 09:38:12','2018-12-06 09:38:12','',0,NULL,0),(87,'  ','email-5c08c3e4b658a7.45870734',NULL,'$2y$10$iraZ2TyUWvfIQT/RUXgxI.nGMb6Bgy8SYlfU.nmRm6OLaudqaphXW',0,NULL,'2018-12-06 09:38:28','2018-12-06 09:38:28','',0,NULL,0),(88,'  ','email-5c08c3e99b29b8.18215095',NULL,'$2y$10$q8TwRDY0uqWBn56O1AZOjukbgeOuuTA4TQ.EdA97WZSW7wGYIQTSy',0,NULL,'2018-12-06 09:38:33','2018-12-06 09:38:33','',0,NULL,0),(89,'  ','email-5c08c3fd600c38.18834407',NULL,'$2y$10$ccgDFJT2AeIfi4GQB9cBPuuGzWpLdyxVuDBGLsOeMWOx882TVrFfq',0,NULL,'2018-12-06 09:38:53','2018-12-06 09:38:53','',0,NULL,0),(90,'  ','email-5c08c3fe8f9a38.51194339',NULL,'$2y$10$2sPcW8P3isM.E1RQEl4ikeOHUJJslh6pGC5N0stgp9WaR7Z.KsCcu',0,NULL,'2018-12-06 09:38:54','2018-12-06 09:38:54','',0,NULL,0),(91,'  ','email-5c08c40079fa99.75257479',NULL,'$2y$10$P2XIbbR0cYu6cW43jSTrN.PPhmZ8Kos1.NyrMaq/1LlLFmyBK95/K',0,NULL,'2018-12-06 09:38:56','2018-12-06 09:38:56','',0,NULL,0),(92,'  ','email-5c08c4047b02e8.71312668',NULL,'$2y$10$Bvvb/ZLs98TKM1sEXGvTA.6AwafvdYtUFLlLL.2aYbanS4RT26Gk2',0,NULL,'2018-12-06 09:39:00','2018-12-06 09:39:00',' ',0,NULL,0),(93,'  ','email-5c08c408100dd0.49720577',NULL,'$2y$10$9Xn2eIZ49ZkuS4eq54IXIORuO19kfPtXmO1/pw1JmAY/wwCz5E9Ye',0,NULL,'2018-12-06 09:39:04','2018-12-06 09:39:04','\"\"',0,NULL,0),(94,'  ','email-5c08c421d15dc3.68061038',NULL,'$2y$10$CsoABexuaYluO4/wRGB7E.bCepKtsLjqdMfcP78xpsPnkYwIwwVEK',0,NULL,'2018-12-06 09:39:29','2018-12-06 09:39:29','',0,NULL,0),(95,'  ','email-5c08c464522820.07833563',NULL,'$2y$10$I6x7Hgs14TmcWc76IcKEnOIAsDgv1gALSSEIhRcAJmItbo5y0Lu1a',0,NULL,'2018-12-06 09:40:36','2018-12-06 09:40:36','',0,NULL,0),(96,'  ','email-5c08c47d932669.00440748',NULL,'$2y$10$RC8rVo6nlImWxrL7P1xcleWNXU24yyF7UtX9yDknrEWUmIR4E4YVi',0,NULL,'2018-12-06 09:41:01','2018-12-06 09:41:01','',0,NULL,0),(97,'  ','email-5c08c49089b789.45081057',NULL,'$2y$10$OVDxjqPwCqIj6dxUgw/cTevgm..2T8t1hn7vh9IQq2f8lTNMWzMxu',0,NULL,'2018-12-06 09:41:20','2018-12-06 09:41:20','',0,NULL,0),(98,'  ','email-5c08c4da47ac99.59333772',NULL,'$2y$10$ewKRTC9sSPsr29lXIXyNNOEubnSP2ljK1XCNTvahf2fg/ZvVssH4K',0,NULL,'2018-12-06 09:42:34','2018-12-06 09:42:34','',0,NULL,0),(99,'  ','email-5c08c512d15918.39258358',NULL,'$2y$10$aQ.irqL0ASgiKWN1xm2YUu29XAd.Y01ysMB7uxQdmyFSTzNg2FWXC',0,NULL,'2018-12-06 09:43:30','2018-12-06 09:43:30','',0,NULL,0),(100,'  ','email-5c08c52bf39ac3.07712438',NULL,'$2y$10$bJHO.nUBmREEER8Whu.k6enbgJdnCSH1IybroOr3qyM.BnLua2xTq',0,NULL,'2018-12-06 09:43:56','2018-12-06 09:43:56','',0,NULL,0),(101,'_test','email-5c08c53cd8e508.61510052',NULL,'$2y$10$4iMjeSEL/dxbrgJJT8dZvO2mKKgU9h6P9tctMdIuHdJDBuRmiu2lW',0,NULL,'2018-12-06 09:44:12','2018-12-06 09:44:12','_test',0,NULL,0),(102,'  ','email-5c08c696e89e10.66395684',NULL,'$2y$10$7X156fRnu1z0FvM0PK8s9e/iogPFTHiwi89asKqNE3Px3bFfCdHY6',0,NULL,'2018-12-06 09:49:59','2018-12-06 09:49:59','',0,NULL,0),(103,'  ','email-5c08c76d50c033.13864108',NULL,'$2y$10$O6Lt.2Zms5CMvDGQHE5NPO0Bn414IGOOGFaGCQCz9Ak8eDXwj6El2',0,NULL,'2018-12-06 09:53:33','2018-12-06 09:53:33','',0,NULL,0),(104,'Test','email-5c08c85b9bb1b1.14735656',NULL,'$2y$10$YJvzJXdG0Omg6iF4QaToWuQxyLsK.UHIdOXRjVYni1s/yAZGZSZFe',0,NULL,'2018-12-06 09:57:31','2018-12-06 09:57:31','Test',0,NULL,0),(105,' ','email-5c08c8851bf918.27711746',NULL,'$2y$10$Fgm4AKu39U6B0tG5rRmmmOo0rHb8cfauL3FOoz7/OBw0N7s7uohcO',0,NULL,'2018-12-06 09:58:13','2018-12-06 09:58:13','',0,NULL,0),(106,'  ','email-5c08c88b549db9.06486331',NULL,'$2y$10$cGBs9.vmUt0ZMokXweBQg.iic5MbGPDpA9YypCax55leIMaxDwLwy',0,NULL,'2018-12-06 09:58:19','2018-12-06 09:58:19','',0,NULL,0),(107,'  ','email-5c08c88ee5b455.20061307',NULL,'$2y$10$X2XWZGjBFYRvGryhOOWDRO.aTD8wugrRHr1H6tsVqk2iNV4/jzmWC',0,NULL,'2018-12-06 09:58:23','2018-12-06 09:58:23','',0,NULL,0),(108,'  ','email-5c08c8914c3a93.42619338',NULL,'$2y$10$LDhF8uyet.msGhdTiL8Ti.U2qxRGtpu7lWTjzHuIhhqF4LvvksNhS',0,NULL,'2018-12-06 09:58:25','2018-12-06 09:58:25','',0,NULL,0),(109,'  ','email-5c08c896c70397.93092030',NULL,'$2y$10$vQAp01IHuIlEjrBBqq5KS.vcmA.5IqoRYZbrr2xOvsNjIzZsUqb8C',0,NULL,'2018-12-06 09:58:30','2018-12-06 09:58:30','',0,NULL,0),(110,'  ','email-5c08c89737d772.80217959',NULL,'$2y$10$hUeAtySSxC4LltCQCMy2s.S8hfsGxN0WJlLtkMMwts3aG.bHelCgu',0,NULL,'2018-12-06 09:58:31','2018-12-06 09:58:31','',0,NULL,0),(111,'  ','email-5c08c89e665631.36808021',NULL,'$2y$10$6s6hx4SbjVmyjFvI3uFNXeP5Q716n8fAIDmfaVl.5i1ht6h6PItFW',0,NULL,'2018-12-06 09:58:38','2018-12-06 09:58:38','',0,NULL,0),(112,'  ','email-5c08c8aea51a57.78610600',NULL,'$2y$10$xgyvpHe3kIWcvIyOKOzeLeYNFy.lnZMExTA0I90ZSnCDn51QwtUT.',0,NULL,'2018-12-06 09:58:54','2018-12-06 09:58:54','',0,NULL,0),(113,'  ','email-5c08c8b34cb2d0.09858621',NULL,'$2y$10$4ht1t/CXow5u17g8UqLePuLPYL/vGsjs8qoCsxeoBbp1tBGi1pE0u',0,NULL,'2018-12-06 09:58:59','2018-12-06 09:58:59','',0,NULL,0),(114,'  ','email-5c08c8bb4a02f1.81107629',NULL,'$2y$10$Tg9D/s43lix5guoueJjVS.UDYTRzPu6dcZU6QpZ70IzLKQcydBZlm',0,NULL,'2018-12-06 09:59:07','2018-12-06 09:59:07','',0,NULL,0),(115,'  ','email-5c08c8c126a438.47842531',NULL,'$2y$10$OmwfajTdaQcIyLt8Ft/Pz.iSFetnHxcdopDSVBu7NghG.vsyuVZQG',0,NULL,'2018-12-06 09:59:13','2018-12-06 09:59:13','',0,NULL,0),(116,'  ','email-5c08c8dd3e2b09.14816031',NULL,'$2y$10$dviahKTkYHEkHRBIv1eAFei1FtPudmxgwhwnxZIbY5mUJUoIxmm0u',0,NULL,'2018-12-06 09:59:41','2018-12-06 09:59:41','',0,NULL,0),(117,'  ','email-5c08c8deae1da4.48183462',NULL,'$2y$10$6tJoGrPTHUOzXy9RkxnFoeAdEU7g4aJMiHdVwa0/yhn3kMp8EM05S',0,NULL,'2018-12-06 09:59:42','2018-12-06 09:59:42','',0,NULL,0),(118,'  ','email-5c08c8ed345919.56283819',NULL,'$2y$10$MyKTR71Vn28WEPDPytDWquO6KQj1YvwmWp0mXd6n39lAlGAFTXE96',0,NULL,'2018-12-06 09:59:57','2018-12-06 09:59:57','',0,NULL,0),(119,'  ','email-5c08c9680f2082.41878186',NULL,'$2y$10$OT0gSNzJ7fniIiJzgeUhTeF5EvwV5aorbnUi/j.wx5hucBSKXkybW',0,NULL,'2018-12-06 10:02:00','2018-12-06 10:02:00','',0,NULL,0),(120,'  ','email-5c08c97bd69314.34499350',NULL,'$2y$10$1wJNyhUNFConkpNnU9hgn.mJFEpdp.idbO5OngBJnns9BQbZs3/DO',0,NULL,'2018-12-06 10:02:19','2018-12-06 10:02:19','',0,NULL,0),(121,'  ','email-5c08c98da2a564.32433737',NULL,'$2y$10$hfRzhfDVUG1q1U9hk3pYkO3CdNMjhLaZg0fW6.R0uaN4ykd877Oki',0,NULL,'2018-12-06 10:02:37','2018-12-06 10:02:37','',0,NULL,0),(122,' ','email-5c08ca2006b252.54641950',NULL,'$2y$10$3Mam9ZQQ23WWZLGFjXDc4.eyEHVH/O//0DOT0AFboJgdHQt4PthAa',0,NULL,'2018-12-06 10:05:04','2018-12-06 10:05:04','',0,NULL,0),(123,'  ','email-5c08ca9a5a9d09.66770066',NULL,'$2y$10$QMS./nHs2sYzzlnpTkX3Ju2WwpjNTKe45Q.gP8USuI3zDY7LsefRO',0,NULL,'2018-12-06 10:07:06','2018-12-06 10:07:06','',0,NULL,0),(124,'  ','email-5c08cb3d835bc3.22574457',NULL,'$2y$10$Decwmq3BLmSOvESBBcetA.3pSLdV5ZoGFm0gg6hX1feTQ56trwvui',0,NULL,'2018-12-06 10:09:49','2018-12-06 10:09:49','',0,NULL,0),(125,'  ','email-5c08cb6397cf88.05633231',NULL,'$2y$10$dCdyqjFKtmP6bQP7g4dyQ.MyqLqfGPSl5qONgcbeNrGCduPDsj89q',0,NULL,'2018-12-06 10:10:27','2018-12-06 10:10:27',' ',0,NULL,0),(126,'  ','email-5c08cb8e659727.81635643',NULL,'$2y$10$BFoJcQx9SFlLy9uxAB2n7OmRLUb4m5BExC3rWDKrhZIzBI0iwHo0G',0,NULL,'2018-12-06 10:11:10','2018-12-06 10:11:10','',0,NULL,0),(127,'  ','email-5c08cbc002fe90.01547696',NULL,'$2y$10$pgECtSwj6dkrZYzcBn3W0OhsAWbLTBCeEQ3W46vAJxH0/lYdvO7ee',0,NULL,'2018-12-06 10:12:00','2018-12-06 10:12:00','',0,NULL,0),(128,'  ','email-5c08cbd6594f98.34012073',NULL,'$2y$10$3GHqLlSvLDJIkmKA3RNn.O82MmDL8Af26SNjgXS1iB4x1yM/SOmOa',0,NULL,'2018-12-06 10:12:22','2018-12-06 10:12:22','',0,NULL,0),(129,'  ','email-5c08cbdbdcb452.05400160',NULL,'$2y$10$h.Df7Dq0Sl7IWa.lJ4hgsuxQdyQGZNcV5UmEWnO4OXyMKx4xSTmo2',0,NULL,'2018-12-06 10:12:27','2018-12-06 10:12:27','',0,NULL,0),(130,'  ','email-5c08cbdf5ef4e0.05995416',NULL,'$2y$10$bQoFUQixkIiHjbLf2Rc5l.jy2li1S41kKjfhQ3veZwpAI/7K4.zaC',0,NULL,'2018-12-06 10:12:31','2018-12-06 10:12:31','',0,NULL,0),(131,'  ','email-5c08cbe0d62459.61532775',NULL,'$2y$10$TVOg648LNnn1x7I8JD2jheV/y8cbn6u4zSkn4nFhqSQf.15VjFNtO',0,NULL,'2018-12-06 10:12:32','2018-12-06 10:12:32','',0,NULL,0),(132,'  ','email-5c08cbe22d1461.62431365',NULL,'$2y$10$w/OuG3kIMNvZk09x2v.Lw.3E9EqL69CMPFIM8cecsaxAll4900cYa',0,NULL,'2018-12-06 10:12:34','2018-12-06 10:12:34','',0,NULL,0),(133,'  ','email-5c08cbe50ceea9.95009356',NULL,'$2y$10$mMgGXUMAlkJgMg8DHOuUa.gEIYHSLLiE5/DBL0yCqGM8EHpG21Aiq',0,NULL,'2018-12-06 10:12:37','2018-12-06 10:12:37','',0,NULL,0),(134,'  ','email-5c08cbf9973151.55391753',NULL,'$2y$10$ZpeipUJRAVZwHqdMBNNpmeo71ssvkJPStNQ8M0z0JNT0qjTzFUSOC',0,NULL,'2018-12-06 10:12:57','2018-12-06 10:12:57','',0,NULL,0),(135,'  ','email-5c08cbfe14d292.23266784',NULL,'$2y$10$ojxJpEWiZUQe7oZ5E0nYVuwFRQQxkGuBap67X1cajR3nLNrV30Xvi',0,NULL,'2018-12-06 10:13:02','2018-12-06 10:13:02','',0,NULL,0),(136,'  ','email-5c08cc00eb5339.45127963',NULL,'$2y$10$guC/RWCTHokhyWYAMzvhsen8xUbLXwjMq0tMvWXoqBFug5dZv3InO',0,NULL,'2018-12-06 10:13:05','2018-12-06 10:13:05','',0,NULL,0),(137,'  ','email-5c08cc142b5116.67330935',NULL,'$2y$10$tchhwLyM4dtSAfdsPvEbY.Gh6O0ErrgJo0aLSRNKc/6ZsiFKnBRLW',0,NULL,'2018-12-06 10:13:24','2018-12-06 10:13:24','',0,NULL,0),(138,'  ','email-5c08cc2a3f1845.07222328',NULL,'$2y$10$ijT/GoY2tcNDl0btxatWM.6lRtDRgchmnQ9kG2IkI6Eu906VQVcJe',0,NULL,'2018-12-06 10:13:46','2018-12-06 10:13:46','',0,NULL,0),(139,'  ','email-5c08cc2e573d83.80751759',NULL,'$2y$10$M2/isNc9wDhe8CIStXEH4OJc30auclHWCCpLZ7mLnfP/3e/lkeZU6',0,NULL,'2018-12-06 10:13:50','2018-12-06 10:13:50','',0,NULL,0),(140,' . .','email-5c08cc3eace7c4.89763445',NULL,'$2y$10$rPOjkikPUg3y9HOSfL14X.8rD552WHrdvbvUQxQuds9hsR0ZFwOnG',0,NULL,'2018-12-06 10:14:06','2018-12-06 10:14:06','',0,NULL,0),(141,'  ','email-5c08cc5155a2c8.03528740',NULL,'$2y$10$IEqV4b/EmRfbHEEjfimFmuZMZg1G/Cz/ynHnY0.CMYveb/fbbpCwG',0,NULL,'2018-12-06 10:14:25','2018-12-06 10:14:25','',0,NULL,0),(142,'  ','email-5c08cc5eb80d98.03094514',NULL,'$2y$10$FkXvGHeQ2TLiNpVfPxqJVO87fMa7GygvYCNSkTGMZKzFWoiuso6iG',0,NULL,'2018-12-06 10:14:38','2018-12-06 10:14:38','',0,NULL,0),(143,'','email-5c08cc66e08bf9.80084252',NULL,'$2y$10$W.A.G4ExDfx3DQupUGwGJuqvaHZFn44NvMZGfn3Yw3sLrbbOKnha2',0,NULL,'2018-12-06 10:14:47','2018-12-06 10:14:47','',0,NULL,0),(144,'  ','email-5c08cc6935fdb9.17836526',NULL,'$2y$10$yVZidHbKdGSbIS7xx/yBbeFjhkqMDJer3TvTPr0tIweQKWod6NGDW',0,NULL,'2018-12-06 10:14:49','2018-12-06 10:14:49','',0,NULL,0),(145,' ','email-5c08cc88281057.94343441',NULL,'$2y$10$wSn7br6UuQwdoXbcwExQU.SpHbiBdufMOWan5GTCmiHxpCGzAEhke',0,NULL,'2018-12-06 10:15:20','2018-12-06 10:15:20',' ',0,NULL,0),(146,'  ','email-5c08cc904e93d0.15655104',NULL,'$2y$10$EDfPFdH2YgLKOOr5jCItaOGAeu5suwruRW4fJF9DhYe3qtEfbwFfS',0,NULL,'2018-12-06 10:15:28','2018-12-06 10:15:28','',0,NULL,0),(147,' ','email-5c08cca5c9dc75.15252136',NULL,'$2y$10$u0mwbsAdZll5AA//U67oG.uZR/TldL3/hyxusKjhBkD91M2xCz9C6',0,NULL,'2018-12-06 10:15:49','2018-12-06 10:15:49','',0,NULL,0),(148,'  ','email-5c08ccae8a3481.92347288',NULL,'$2y$10$XSG9GJ7.outLSMR27gdQGucpT9RQwv60Qbczx3A0MMdU..EDlGY8.',0,NULL,'2018-12-06 10:15:58','2018-12-06 10:15:58','',0,NULL,0),(149,'  ','email-5c08cce0a555a6.51706723',NULL,'$2y$10$36/tLPTa.p6eOt5/MbQazengr9x7Ov8VfrtEhPn1pL88idjwm5EJ.',0,NULL,'2018-12-06 10:16:48','2018-12-06 10:16:48','',0,NULL,0),(150,'  ','email-5c08cdc3f25de5.86016315',NULL,'$2y$10$PmGcVtHYcijzcs/z4fVhquD3g1Tqku8txARvwVUKDHoC/h.Kjhqnu',0,NULL,'2018-12-06 10:20:36','2018-12-06 10:20:36','',0,NULL,0),(151,'  ','email-5c08ce1c9dbf58.16736629',NULL,'$2y$10$jninGOb.6KhgLU4.h8DQOOAZJv/jLh6TSGc.jBoiyu0j4OIJjoM5.',0,NULL,'2018-12-06 10:22:04','2018-12-06 10:22:04','',0,NULL,0),(152,'  ','email-5c08ce5092af50.29323100',NULL,'$2y$10$kxnQxTBoHkA/QOMC78a68uKVbcd0W512uiPVrOF.2fMP4BWlyF/v.',0,NULL,'2018-12-06 10:22:56','2018-12-06 10:22:56','',0,NULL,0),(153,'  ','email-5c08cf2a862770.60167405',NULL,'$2y$10$910tad7TpjBTrqVuSIRxueE6eW1AKQwigufb1/uE3BiHswPE5EBT6',0,NULL,'2018-12-06 10:26:34','2018-12-06 10:26:34','',0,NULL,0),(154,'  ','email-5c08d023a9e132.40711054',NULL,'$2y$10$t85K00yVtHEdtOz2BejeB.QOS8FY8f4d4sMqj9.MDYmXygkSEKCI2',0,NULL,'2018-12-06 10:30:43','2018-12-06 10:30:43','\"\"',0,NULL,0),(155,'  ','email-5c08d0a3c436f9.63366401',NULL,'$2y$10$NLX4fsfn377NGk1rooxJNOxbZbkAzlv/8DTVxFdoTcbCx35Pm8XC6',0,NULL,'2018-12-06 10:32:51','2018-12-06 10:32:51','',0,NULL,0),(156,'','email-5c08d0aaa7bd32.89819975',NULL,'$2y$10$N3QIxBC.GTCZAlYj6bn8d.Yk5J2XZ/swk5kDNYfuD1bG1/oUSwGey',0,NULL,'2018-12-06 10:32:58','2018-12-06 10:32:58','',0,NULL,0),(157,'','email-5c08d0b70f5f65.53294982',NULL,'$2y$10$XoW0oWZpIkXDCUm2RXWhSugXB4VugPshJ8owWNabMtTMaOIMqL8.m',0,NULL,'2018-12-06 10:33:11','2018-12-06 10:33:11','',0,NULL,0),(158,'  ','email-5c08d0bb6fe673.07283021',NULL,'$2y$10$kknNxQN92YpLC1zCzNUiveGMQicERFn7zSQwmCB0ubiI1l396wFVe',0,NULL,'2018-12-06 10:33:15','2018-12-06 10:33:15','',0,NULL,0),(159,'  ','email-5c08d14de933e0.22979776',NULL,'$2y$10$bqKOkOZE8VgrL1yyD3gHqOeXUJ.l3f7y673zT.ow1GdFHscm4c0Vm',0,NULL,'2018-12-06 10:35:42','2018-12-06 10:35:42','',0,NULL,0),(160,'  ','email-5c08d2c7c4a673.08480087',NULL,'$2y$10$DkWJZOluqcrEeKKET15c1OtxeDVkWyFrRflj.2z8OoMc2dy61AMAW',0,NULL,'2018-12-06 10:41:59','2018-12-06 10:41:59','',0,NULL,0),(161,'  ','email-5c08d5017ef106.54803498',NULL,'$2y$10$8gkUqH5koWwO.hjRI6qV7.q5khuwh7NBOFYo9mEUUZBA6wAmvLevq',0,NULL,'2018-12-06 10:51:29','2018-12-06 10:51:29','',0,NULL,0),(162,'  ','email-5c08d51387c621.19029347',NULL,'$2y$10$7e.l7sNfcRXGyHZlLRVmGOnZZ3tpmNssqoCgHScZG3zx804mPXubC',0,NULL,'2018-12-06 10:51:47','2018-12-06 10:51:47','',0,NULL,0),(163,'  ','email-5c08d51861e019.21093060',NULL,'$2y$10$yA/6LxyOuh.onBw5fAF8aeAzeLwRmPBpQqDLVAW.9ygGOsUcspQGq',0,NULL,'2018-12-06 10:51:52','2018-12-06 10:51:52','',0,NULL,0),(164,'  ','email-5c08d525ba2ab5.66129897',NULL,'$2y$10$Ri6XEXVG9sAxZnodBGdrROhLeOUM7liJXZV0WrLstOs/MISq4/vfu',0,NULL,'2018-12-06 10:52:05','2018-12-06 10:52:05','',0,NULL,0),(165,'  ','email-5c08d52b91be08.00621079',NULL,'$2y$10$a8ELoIUiFmR0eGU/ty2rzO96rjMPFIBXcQTvSzgGMMCD9SHl3hDpi',0,NULL,'2018-12-06 10:52:11','2018-12-06 10:52:11','',0,NULL,0),(166,'  ','email-5c08d546876778.98588612',NULL,'$2y$10$f2d.emE/vu67oQcAOVUN7u2.6i8wUzngoGecbcQDBQrWZCAS1TDJ6',0,NULL,'2018-12-06 10:52:38','2018-12-06 10:52:38','',0,NULL,0),(167,'  ','email-5c08d54e868948.79475656',NULL,'$2y$10$P9ouGrFsc4uHkuC0LIzhAenZYE79QB1fG681dA5Z32PCIuu2.gm7q',0,NULL,'2018-12-06 10:52:46','2018-12-06 10:52:46','',0,NULL,0),(168,'  ','email-5c08d5ab51e576.45137787',NULL,'$2y$10$oEl4jHcPX6hcLJKq97JOBO7R1zytbhNSr008nAmQ3aAd5ZRvJG1Fe',0,NULL,'2018-12-06 10:54:19','2018-12-06 10:54:19','',0,NULL,0),(169,'  ','email-5c08d6c58ddad4.84010386',NULL,'$2y$10$qd3hS6hhfOcAs8Ae4GB2n.WOa.zGzjhSsU70fDE1w/8F/KKl4Kw12',0,NULL,'2018-12-06 10:59:01','2018-12-06 10:59:01','',0,NULL,0),(170,'  ','email-5c08d8d9660a02.21793852',NULL,'$2y$10$pC36SKCfJy7Up22PX0budeE.udQ3dXZrOZk0w/Vpy9zTLbcV2IkFS',0,NULL,'2018-12-06 11:07:53','2018-12-06 11:07:53','',0,NULL,0),(171,'  ','email-5c08d8ed2b9a01.35501199',NULL,'$2y$10$8o9AGe4ZIRrC8h/l25z6QeUEhioKEzlS7yWjfrw7mLDSdevdRED36',0,NULL,'2018-12-06 11:08:13','2018-12-06 11:08:13','',0,NULL,0),(172,'  ','email-5c08d8fc9ceb82.48759203',NULL,'$2y$10$mZAt3tCM.QreHodzbltNpuxoHqEzeNmts/g4SH.179.kE9Db.m8Lq',0,NULL,'2018-12-06 11:08:28','2018-12-06 11:08:28','',0,NULL,0),(173,'  ','email-5c08d92390f077.31093024',NULL,'$2y$10$9eukL2fIy33wCSSLs8gXcObZH8KYftf8pz5gPSRps4LSNHAJ5er2G',0,NULL,'2018-12-06 11:09:07','2018-12-06 11:09:07','',0,NULL,0),(174,'  ','email-5c08d9b74c7c97.03911080',NULL,'$2y$10$rxYBWDdExzXt2MaZ1HuWnO/Q1ltxvHMw79.Yqa/TlS26zcCc9PivC',0,NULL,'2018-12-06 11:11:35','2018-12-06 11:11:35','',0,NULL,0),(175,'  ','email-5c08da05a207b2.54010705',NULL,'$2y$10$8Ds9RL8qHP2KR8O7t/NG4e06VC0LlII7/opqNgmFHHOKFi6/Rcx32',0,NULL,'2018-12-06 11:12:53','2018-12-06 11:12:53','',0,NULL,0),(176,'  ','email-5c08db2aca1576.74015454',NULL,'$2y$10$huIb/y8XeqN49IMERRRhC.Q7OVJ7MyB4D.V9xhshC/KClifxsAJFe',0,NULL,'2018-12-06 11:17:46','2018-12-06 11:17:46','',0,NULL,0),(177,'','email-5c08db66628cc7.97333435',NULL,'$2y$10$55zrLjCViMt50q2.a1JH1.ZBJdxhJsyFU1DMW4tuGFHRd4oUP9AIK',0,NULL,'2018-12-06 11:18:46','2018-12-06 11:18:46','',0,NULL,0),(178,'  ','email-5c08dc34ec65b5.36906980',NULL,'$2y$10$OzPPymQr6mbM95dGm9w4x..YR.OHd40f3EgG7iuxK4wOf2osN1WP6',0,NULL,'2018-12-06 11:22:13','2018-12-06 11:22:13','',0,NULL,0),(179,'  ','email-5c08dd372b6939.78534892',NULL,'$2y$10$HS0DLAx9m07KGoS2Qla2H.PERKF.VSKi4INGPLnGRhClrJeXUJIvm',0,NULL,'2018-12-06 11:26:31','2018-12-06 11:26:31','',0,NULL,0),(180,'  ','email-5c08dfdc7d0492.75277880',NULL,'$2y$10$rNElccBxBM9WdNFhHIGSleKQP7J83thQxLzwhW3G4s5PN7x/PWmr2',0,NULL,'2018-12-06 11:37:48','2018-12-06 11:37:48','',0,NULL,0),(181,'  ','email-5c08dffc6b9645.36284035',NULL,'$2y$10$7QPSMp8V.DaHY8nKL6rk8um95VGyY/AO5PuXfTdQIs/HZuhVVLB3W',0,NULL,'2018-12-06 11:38:20','2018-12-06 11:38:20','',0,NULL,0),(182,'  ','email-5c08e22b693c18.93259533',NULL,'$2y$10$sWD8KQ05b018b6nEiFhCqefuubE5bzcCze4cYiaKOx.7y93fp5oz2',0,NULL,'2018-12-06 11:47:39','2018-12-06 11:47:39','',0,NULL,0),(183,'  ','email-5c08e2a7128fa9.24687286',NULL,'$2y$10$qQ05T.xbIxQ6Za/qJ2Y5/eFTRIsXAJGZPiyGojHr6GJfLaFs8HTpK',0,NULL,'2018-12-06 11:49:43','2018-12-06 11:49:43','',0,NULL,0),(184,'  ','email-5c08e3b79f9e29.36831138',NULL,'$2y$10$K/c8XCeYggC61acX2ObijuTHuDKTXIZnSjsRVFkCBUEiBsCVv3tXq',0,NULL,'2018-12-06 11:54:15','2018-12-06 11:54:15','',0,NULL,0),(185,'  ','email-5c08e408cb46e1.04559865',NULL,'$2y$10$p28bD.8ZNLTwOeJDp2L18eoQzNvIXXVwz7GiuBlMkltA25kaFJyBq',0,NULL,'2018-12-06 11:55:36','2018-12-06 11:55:36','',0,NULL,0),(186,'  ','email-5c08e49d6cc9f4.76111212',NULL,'$2y$10$n2WEO1xS0z7c/BazYi6TluTHQ4IjoFy6ytPnMUnfqVwZqDcYjbpni',0,NULL,'2018-12-06 11:58:05','2018-12-06 11:58:05','',0,NULL,0),(187,'  ','email-5c08e4e26ba166.93227381',NULL,'$2y$10$KlCL5IVN9WnXpYeucGn81.OEBXQOgx6O97/RZfpRIDJAclxZHyC9m',0,NULL,'2018-12-06 11:59:14','2018-12-06 11:59:14','',0,NULL,0),(188,'  ','email-5c08e517696056.60618116',NULL,'$2y$10$Jt2jWwn1VHHaoo3OUEjKpO1Ssd7/zbhUal5GJYO12U2IOU7xF6d7K',0,NULL,'2018-12-06 12:00:07','2018-12-06 12:00:07',' ',0,NULL,0),(189,'  ','email-5c08e62fe1f741.43079712',NULL,'$2y$10$kqCQIkJL2YZOou9K6D2RK.0xtoY8.xyeQo8prU5aN9NCdRT4jFCDq',0,NULL,'2018-12-06 12:04:48','2018-12-06 12:04:48','',0,NULL,0),(190,'  ','email-5c08e71e767236.71681089',NULL,'$2y$10$TrjYAt1Suuh6GYNTDftpGuOUvwIMbXT4SMbpa.RgtQLBQQ0Yq/PGG',0,NULL,'2018-12-06 12:08:46','2018-12-06 12:08:46','',0,NULL,0),(191,'  ','email-5c08e736989c17.40367606',NULL,'$2y$10$BrO9yArXSObx8aCumJVKDee3.NHkU/GM1rokEyhLGKMfecxU54t92',0,NULL,'2018-12-06 12:09:10','2018-12-06 12:09:10','',0,NULL,0),(192,'  ','email-5c08e7adefc3f6.94147979',NULL,'$2y$10$6jB0d4a7lE1G5YOBhTsWb.oW2/QCYaRomUr4e/iyAav0614IkkMCO',0,NULL,'2018-12-06 12:11:10','2018-12-06 12:11:10','',0,NULL,0),(193,'Test','email-5c08e8891b73f2.05977715',NULL,'$2y$10$cDYyaxO7t2h8rn13SoCjFeWf0Q12r8te.Lo0sm6HcXulS22IcstQu',0,NULL,'2018-12-06 12:14:49','2018-12-06 12:14:49','Test',0,NULL,0),(194,'  ','email-5c08e8e71ea460.43020217',NULL,'$2y$10$PJ.2k8JDmH4MekO/pGL1gOp8nbM6ZAwWcO2oczU../SHfpH6hvHv.',0,NULL,'2018-12-06 12:16:23','2018-12-06 12:16:23','',0,NULL,0),(195,'  ','email-5c08e99fa715f9.39614052',NULL,'$2y$10$3PMLpQBpreeZICATZGPxSOSbCzneCtZdVhQK.VEuNeTEitGcE4L6O',0,NULL,'2018-12-06 12:19:27','2018-12-06 12:19:27','',0,NULL,0),(196,'  ','email-5c08ec65d0cac6.80071692',NULL,'$2y$10$jh3d1R./34QnJ/qb1kBiF.NRno/2DAYqW92yYyFzNLdSKHeUeLpva',0,NULL,'2018-12-06 12:31:17','2018-12-06 12:31:17','',0,NULL,0),(197,'  ','email-5c08ed47999398.97858895',NULL,'$2y$10$NCBnRn1yWqNKiPBZCQkBDu8KTWJHrRw3.JZhnXlW9zJurm3uxn5FS',0,NULL,'2018-12-06 12:35:03','2018-12-06 12:35:03','',0,NULL,0),(198,'  ','email-5c08efb4ae03a8.66722039',NULL,'$2y$10$6JZ5lMGjkubZrjVxjwRLl.OC3NC3e3kJ0Uh4NtB6DO1EhDQUkA5su',0,NULL,'2018-12-06 12:45:24','2018-12-06 12:45:24','',0,NULL,0),(199,'  ','email-5c08efbe373203.54548654',NULL,'$2y$10$T0LdhmlQn9lQ1EncuVbUF.DTHg64BlczztMHebTNHZyg3mXnpFDsG',0,NULL,'2018-12-06 12:45:34','2018-12-06 12:45:34','',0,NULL,0),(200,'  ','email-5c08efedc18258.80979764',NULL,'$2y$10$e62v9R4s2XkL0XOXOTds/.zBnJVp0T.nlsSw3oqnyR0XPMZKucbYe',0,NULL,'2018-12-06 12:46:21','2018-12-06 12:46:21','',0,NULL,0),(201,'  ','email-5c08f0177b5ef8.82466959',NULL,'$2y$10$SGeALDz/s1oU6YO1pwe7x.djkcPbPfamflepv93gDH4WyhH1dN7KC',0,NULL,'2018-12-06 12:47:03','2018-12-06 12:47:03','',0,NULL,0),(202,'  ','email-5c08f0b956d384.12915377',NULL,'$2y$10$jleZ3HwASZtMgDMGp6BRn.9OjjswoLV3xnLQ7ilHxZDJkFwBlrddi',0,NULL,'2018-12-06 12:49:45','2018-12-06 12:49:45','',0,NULL,0),(203,'  ','email-5c08f23c6e1db0.67714243',NULL,'$2y$10$IBX5F443RJSc/KzMBZEyVeEbi99GBxjObgVr1AcpV/Ixk2NOYqytO',0,NULL,'2018-12-06 12:56:12','2018-12-06 12:56:12','',0,NULL,0),(204,'  ','email-5c08f277591589.81598380',NULL,'$2y$10$qz4JSfiVmCVqUzyYZCCnbOha1Bwaca.uwGQNNH2L1zfe5tofYDZiu',0,NULL,'2018-12-06 12:57:11','2018-12-06 12:57:11','',0,NULL,0),(205,'  ','email-5c08f33d3f9ba4.65829376',NULL,'$2y$10$Vht9Q3rAkQbJLcMFtQNGl.TGWZ/3DZTkPvoeYOZlxcHoCsYocXV1a',0,NULL,'2018-12-06 13:00:29','2018-12-06 13:00:29','',0,NULL,0),(206,'  ','email-5c08f3ed21f3b8.32757312',NULL,'$2y$10$PIXlFjSNVn/oFLmzEu5Nn.Z.L6luMXh1XGNd49JNHCBp9.AxTix7S',0,NULL,'2018-12-06 13:03:25','2018-12-06 13:03:25','',0,NULL,0),(207,'  ','email-5c08f431646856.42291254',NULL,'$2y$10$O0zocS11U8E9kPKupdGx1.zg2JBU1IrezbRi8w.Q.Br9jlf8NzkjO',0,NULL,'2018-12-06 13:04:33','2018-12-06 13:04:33','',0,NULL,0),(208,' ','email-5c08f45c5b4578.62587566',NULL,'$2y$10$4Vm/dKPEmpvvw31FPs7hZeUvkkX/an1dBzhDY2.rtGCBngGQPZ.bC',0,NULL,'2018-12-06 13:05:16','2018-12-06 13:05:16','',0,NULL,0),(209,'  ','email-5c08f59f769456.90619717',NULL,'$2y$10$3vL9JVL0y9VbSA.fAW8tA.qWfoJB6DEZgj4dl0Fhxj66kkHQM/iam',0,NULL,'2018-12-06 13:10:39','2018-12-06 13:10:39','',0,NULL,0),(210,'  ','email-5c08f691d59b40.82443392',NULL,'$2y$10$u05PfTHiA1nOYePUsIaWYuiA39MjKCMoF/hzLvkZMX5vyYvXmjYSa',0,NULL,'2018-12-06 13:14:41','2018-12-06 13:14:41','',0,NULL,0),(211,'  ','email-5c08f808cec090.83264425',NULL,'$2y$10$PGtq9OsIPF84cmSXg0jQCO.lRFrbrJX2i.x22i3qRxgog4B5au9vu',0,NULL,'2018-12-06 13:20:56','2018-12-06 13:20:56','',0,NULL,0),(212,'  ','email-5c08f862e42562.36726324',NULL,'$2y$10$MC5rP6qH9na7Q5XpK9V6Hu9axdck/VKEnWOxhsStG.xnE6WIBiGX.',0,NULL,'2018-12-06 13:22:27','2018-12-06 13:22:27','',0,NULL,0),(213,'  ','email-5c08f92e1b5b32.87390386',NULL,'$2y$10$OdJae3xZROOZYwyBthGCiOV3094FnDW9RFtTZuEsDkiV015mR6Lvi',0,NULL,'2018-12-06 13:25:50','2018-12-06 13:25:50','',0,NULL,0),(214,'  ','email-5c08f9b5032bf7.50029700',NULL,'$2y$10$b2rUNSVUdM1w4t/oZtS3EO3vcpuAbrtTGTBdBrifH6X5R2xOfvzf.',0,NULL,'2018-12-06 13:28:05','2018-12-06 13:28:05','',0,NULL,0),(215,' ..','email-5c08f9dd848788.65062533',NULL,'$2y$10$oWoht2JdlCI.N/w4m1i3OuHDaniGKMo4nucAfBiuFo3eIoDkvwBIm',0,NULL,'2018-12-06 13:28:45','2018-12-06 13:28:45','',0,NULL,0),(216,'  ','email-5c08faf095c689.27084170',NULL,'$2y$10$xylvwS3KyhWmWWYDOo/omextVx.OhU/EHx71y7jRu4TFwXxibS9ym',0,NULL,'2018-12-06 13:33:20','2018-12-06 13:33:20','',0,NULL,0),(217,'','email-5c08fc6bd0fae0.97185420',NULL,'$2y$10$OVvXbgtR4VhcHjeOgsgqn.5aCKrHHtsJz0V/3gqAo5vo5j6apIkVW',0,NULL,'2018-12-06 13:39:39','2018-12-06 13:39:39','',0,NULL,0),(218,'  ','email-5c08fc742b0543.64057250',NULL,'$2y$10$Fyo7liyEURBcKUeUz391oeQut18LNJ7DKLszXDNDEare2i26CdcGS',0,NULL,'2018-12-06 13:39:48','2018-12-06 13:39:48','',0,NULL,0),(219,'  ','email-5c08fcbd5b2f49.39571830',NULL,'$2y$10$plpwn98HxJ2OYBPHuZkXT.MiepbCGry..XpCIC9uHVNDCCJdU9pEC',0,NULL,'2018-12-06 13:41:01','2018-12-06 13:41:01','',0,NULL,0),(220,'  ','email-5c08fd6b0d1905.70380846',NULL,'$2y$10$4QGQtpT3cTEz9DcgiXOp3O8NbTW6jH1bBXvF7aXMwONHa51qlx8Xq',0,NULL,'2018-12-06 13:43:55','2018-12-06 13:43:55','',0,NULL,0),(221,'  ','email-5c08ffedaad6b0.34013642',NULL,'$2y$10$S4EQvnvXCKdMLnoE9FaWeucQMA99iZacZs5YgdcXrG5.LrUm6yFa2',0,NULL,'2018-12-06 13:54:37','2018-12-06 13:54:37','',0,NULL,0),(222,'  ','email-5c0901633906a2.88110992',NULL,'$2y$10$DGVs.62V6Medi3waidR7AeEYFyZ5n2MlVx2hPrQaaMFJIiZfn.F4m',0,NULL,'2018-12-06 14:00:51','2018-12-06 14:00:51','',0,NULL,0),(223,' ','email-5c090a6d8b3e79.20163486',NULL,'$2y$10$u09O.jkiXWv3AaDGg73.3OrnHvY87psm2fF1I.vkRbVYdgGbjVe6m',0,NULL,'2018-12-06 14:39:25','2018-12-06 14:39:25','',0,NULL,0),(224,' ','email-5c0911decdea00.43097384',NULL,'$2y$10$8ET41/FH0f7Ywslmx4p9w.USUuYWJuuI1JAWet7dNSaG9sCcxKF6m',0,NULL,'2018-12-06 15:11:10','2018-12-06 15:11:10','',0,NULL,0),(225,'  ','email-5c09126433e4f2.14523597',NULL,'$2y$10$5s3gvPf6jvwnIvsxa6q0oukmKL4nWvi34VxCE2R2lywMz7NdZdzle',0,NULL,'2018-12-06 15:13:24','2018-12-06 15:13:24','',0,NULL,0),(226,'  ','email-5c0912cd2df994.73158249',NULL,'$2y$10$vxs47rhrRi7j/KvO6y9WH.yrcB0mRemHi7gnAP6O6boAYFV6yxDOS',0,NULL,'2018-12-06 15:15:09','2018-12-06 15:15:09','',0,NULL,0),(227,'  ','email-5c0912db4e7d67.61720683',NULL,'$2y$10$Z4apy4BXP.LZ475RZYY03.xXLszM3bwBSP5En8MgVuQ.TwJboRnCq',0,NULL,'2018-12-06 15:15:23','2018-12-06 15:15:23','',0,NULL,0),(228,'  ','email-5c0912deb3efd4.94340331',NULL,'$2y$10$k5AAeRTdZ6UwbGS8fb3QveH44N2jcKW1EKDeAeKUtFInOPc7acbf6',0,NULL,'2018-12-06 15:15:26','2018-12-06 15:15:26','      ',0,NULL,0),(229,'  ','email-5c0912f9d09e08.38445785',NULL,'$2y$10$z3THrExJ5YUdYkOYDpwTUu9wCWtGgrB6lTstzzgwtirELOKDNyEl2',0,NULL,'2018-12-06 15:15:53','2018-12-06 15:15:53','',0,NULL,0),(230,'  ','email-5c091326ac53c0.40052535',NULL,'$2y$10$tiY4vNx3JDcPsQh7bpjzmOZbpOMuOiRfejItHxVKBqVN8Wf.zz.ru',0,NULL,'2018-12-06 15:16:38','2018-12-06 15:16:38','',0,NULL,0),(231,'  ','email-5c091350dc9e19.30064653',NULL,'$2y$10$AvR7KBhm1nIZ9PjgA40VZu16X1gD9npxL.SAYLpasF7xVCf/mIhlu',0,NULL,'2018-12-06 15:17:20','2018-12-06 15:17:20','',0,NULL,0),(232,'  ','email-5c09139ba8d331.62271529',NULL,'$2y$10$JOF/hgQ6iZfymoFtNsxLSOwIman/uDo3cJ1qy6ax5dpcaeYFGMwx6',0,NULL,'2018-12-06 15:18:35','2018-12-06 15:18:35','',0,NULL,0),(233,'  ','email-5c09140ced1ec1.91319035',NULL,'$2y$10$AxpTyC8fdjt4ERPAXU.LhOmWJTYuMckyyhDJMhBQ4BpeUvIS6lFKK',0,NULL,'2018-12-06 15:20:29','2018-12-06 15:20:29','',0,NULL,0),(234,'  ','email-5c091550104499.83257622',NULL,'$2y$10$ajXu1hoiMiRrsuiZY3uu7.LPBQaD.zaE7MOaBlKVIFS42rbnG88JK',0,NULL,'2018-12-06 15:25:52','2018-12-06 15:25:52','',0,NULL,0),(235,'  ','email-5c09155b183ea8.84053273',NULL,'$2y$10$bRL7DyXlFpapH9B4OCMmVOMG4tTfO4ZNRzFQH1ZeNAU2xYHzJT1Bm',0,NULL,'2018-12-06 15:26:03','2018-12-06 15:26:03','',0,NULL,0),(236,'  ','email-5c09155babfc92.28235885',NULL,'$2y$10$TQr5Rc7HdQLAepm9fg7aKe3C24o4UAovq1gCL8Mf5sDooZa71.p4G',0,NULL,'2018-12-06 15:26:03','2018-12-06 15:26:03','',0,NULL,0),(237,'  ','email-5c091565cd95a2.65451207',NULL,'$2y$10$IkPHmH.K9XPcPlxuwt2Yseba7zmuogwPgWa3hNqaHqi7lXyli7sWW',0,NULL,'2018-12-06 15:26:13','2018-12-06 15:26:13','',0,NULL,0),(238,'  ','email-5c091578cd6ac3.05128720',NULL,'$2y$10$e/tzJApJ/dQtUh9WbH/hv.aXHOyyPk/C2xqAFV8Q6kUYO8nbiSrWi',0,NULL,'2018-12-06 15:26:32','2018-12-06 15:26:32','',0,NULL,0),(239,'  ','email-5c0916dd95a095.41041365',NULL,'$2y$10$cHnUp1YkgGDny4VZNymCKe/E0Hxf7W5XjXrdGjpwhSHYeIw4rqByW',0,NULL,'2018-12-06 15:32:29','2018-12-06 15:32:29','',0,NULL,0),(240,'','email-5c0917a1795799.79126517',NULL,'$2y$10$LNVngbJUW0HYaoOxdvK/1enzRC9QMZHSEOpM07Vh8JUy12rS..WRC',0,NULL,'2018-12-06 15:35:45','2018-12-06 15:35:45','',0,NULL,0),(241,'  ','email-5c0918ae56d7b5.68077483',NULL,'$2y$10$6kYA94uNNJP0IQAlkCKI9uALBpk7YwNghYVs94bj/0qN6BfeWkoK.',0,NULL,'2018-12-06 15:40:14','2018-12-06 15:40:14','',0,NULL,0),(242,'  ','email-5c0919d8ce6106.42631261',NULL,'$2y$10$lNX5QmYy/CU5xjcic7y9muKBHdTyg77.FsYXTH4ACILUsnWc8MLQu',0,NULL,'2018-12-06 15:45:12','2018-12-06 15:45:12','',0,NULL,0),(243,'  ','email-5c0919dd6946c3.79845683',NULL,'$2y$10$eQRtz4lQY8KuFjJ.CehGJ.WRR532A2JLhq6VLMUDpl8czwYEvAtr.',0,NULL,'2018-12-06 15:45:17','2018-12-06 15:45:17','',0,NULL,0),(244,'  ','email-5c091b23431d29.12226950',NULL,'$2y$10$8kBxoonYt/vwvwU7MCXk6OlNZYwm.DqwRANcT4X7JN2p4LryRXIQC',0,NULL,'2018-12-06 15:50:43','2018-12-06 15:50:43','',0,NULL,0),(245,'  ','email-5c091b7eaa9549.99355098',NULL,'$2y$10$EzLKuW9MUf9mA.QQbc1qNOOyt5o8Mi2FqMdhjLWlAodoIkghkd./i',0,NULL,'2018-12-06 15:52:14','2018-12-06 15:52:14','',0,NULL,0),(246,'  ','email-5c091ba9375959.34697718',NULL,'$2y$10$X6ec1kTwVTohnYLyuLHN/.kTw7jnx7hxuzI4/MDEWY1oqOm4O9UoG',0,NULL,'2018-12-06 15:52:57','2018-12-06 15:52:57','',0,NULL,0),(247,'  ','email-5c091bd119ef49.26931074',NULL,'$2y$10$P1IL4mCk8EFqbeZap8RUA.KRj55iTEWrXZwhf4ROk6RzWDe2zJjYC',0,NULL,'2018-12-06 15:53:37','2018-12-06 15:53:37','',0,NULL,0),(248,'  ','email-5c091c320eb406.26052448',NULL,'$2y$10$NhDSiUNjG3L1RkWatE2.NOPNW9XrQyLZgAlX//rK.Un3.3dUolYFa',0,NULL,'2018-12-06 15:55:14','2018-12-06 15:55:14','',0,NULL,0),(249,'  ','email-5c0920b261a384.62835542',NULL,'$2y$10$7YOXrJDEdLILFLNN/tf8w.ahZUwZhPBb/P6JReu0LeoDMuWIdCnZS',0,NULL,'2018-12-06 16:14:26','2018-12-06 16:14:26','',0,NULL,0),(250,'  ','email-5c09226936dc60.01368797',NULL,'$2y$10$WhzNkfBk7.SXmdRxr4s1XuRX2WtuwRqVxc/aImE5DaRAhTcmg6C2O',0,NULL,'2018-12-06 16:21:45','2018-12-06 16:21:45','',0,NULL,0),(251,'  ','email-5c0922e9ade4a8.93500182',NULL,'$2y$10$I4g6bhxzvJmoeQdgkGnGWetmSpBA4NkDOqKuiv5JnToww6oGZq2wO',0,NULL,'2018-12-06 16:23:53','2018-12-06 16:23:53','',0,NULL,0);
/*!40000 ALTER TABLE `users` ENABLE KEYS */;
UNLOCK TABLES;
/*!40103 SET TIME_ZONE=@OLD_TIME_ZONE */;

/*!40101 SET SQL_MODE=@OLD_SQL_MODE */;
/*!40014 SET FOREIGN_KEY_CHECKS=@OLD_FOREIGN_KEY_CHECKS */;
/*!40014 SET UNIQUE_CHECKS=@OLD_UNIQUE_CHECKS */;
/*!40101 SET CHARACTER_SET_CLIENT=@OLD_CHARACTER_SET_CLIENT */;
/*!40101 SET CHARACTER_SET_RESULTS=@OLD_CHARACTER_SET_RESULTS */;
/*!40101 SET COLLATION_CONNECTION=@OLD_COLLATION_CONNECTION */;
/*!40111 SET SQL_NOTES=@OLD_SQL_NOTES */;

-- Dump completed on 2018-12-06 17:22:52
